[1,["24cjS4vfZLh601e5wYASTy@6c48a"],["_textureSource"],["cc.SpriteFrame"],0,[{"name":"ui_ranking_bg_01","rect":{"x":0,"y":0,"width":354,"height":499},"offset":{"x":0,"y":0},"originalSize":{"width":354,"height":499},"rotated":false,"capInsets":[0,0,0,0],"vertices":{"rawPosition":[-177,-249.5,0,177,-249.5,0,-177,249.5,0,177,249.5,0],"indexes":[0,1,2,2,1,3],"uv":[0,499,354,499,0,0,354,0],"nuv":[0,0,1,0,0,1,1,1],"minPos":{"x":-177,"y":-249.5,"z":0},"maxPos":{"x":177,"y":249.5,"z":0}},"packable":true,"pixelsToUnit":100,"pivot":{"x":0.5,"y":0.5},"meshType":0}],[0],0,[0],[0],[0]]
