[1,["69LXLF3r1O94tl1IchhCus@6c48a"],["_textureSource"],["cc.SpriteFrame"],0,[{"name":"ui_ranking_dk_09","rect":{"x":0,"y":0,"width":144,"height":60},"offset":{"x":0,"y":0},"originalSize":{"width":144,"height":60},"rotated":false,"capInsets":[0,0,0,0],"vertices":{"rawPosition":[-72,-30,0,72,-30,0,-72,30,0,72,30,0],"indexes":[0,1,2,2,1,3],"uv":[0,60,144,60,0,0,144,0],"nuv":[0,0,1,0,0,1,1,1],"minPos":{"x":-72,"y":-30,"z":0},"maxPos":{"x":72,"y":30,"z":0}},"packable":true,"pixelsToUnit":100,"pivot":{"x":0.5,"y":0.5},"meshType":0}],[0],0,[0],[0],[0]]
