[1,["14ozK4ippHBYwBxIbebyfb@6c48a"],["_textureSource"],["cc.SpriteFrame"],0,[{"name":"ui_ranking_button_02","rect":{"x":0,"y":0,"width":366,"height":96},"offset":{"x":0,"y":0},"originalSize":{"width":366,"height":96},"rotated":false,"capInsets":[0,0,0,0],"vertices":{"rawPosition":[-183,-48,0,183,-48,0,-183,48,0,183,48,0],"indexes":[0,1,2,2,1,3],"uv":[0,96,366,96,0,0,366,0],"nuv":[0,0,1,0,0,1,1,1],"minPos":{"x":-183,"y":-48,"z":0},"maxPos":{"x":183,"y":48,"z":0}},"packable":true,"pixelsToUnit":100,"pivot":{"x":0.5,"y":0.5},"meshType":0}],[0],0,[0],[0],[0]]
