[1,["e1uojEpMZKZ4elndcJhMTh@6c48a"],["_textureSource"],["cc.SpriteFrame"],0,[{"name":"ui_ranking_tb_01","rect":{"x":0,"y":0,"width":71,"height":59},"offset":{"x":0,"y":0},"originalSize":{"width":71,"height":59},"rotated":false,"capInsets":[0,0,0,0],"vertices":{"rawPosition":[-35.5,-29.5,0,35.5,-29.5,0,-35.5,29.5,0,35.5,29.5,0],"indexes":[0,1,2,2,1,3],"uv":[0,59,71,59,0,0,71,0],"nuv":[0,0,1,0,0,1,1,1],"minPos":{"x":-35.5,"y":-29.5,"z":0},"maxPos":{"x":35.5,"y":29.5,"z":0}},"packable":true,"pixelsToUnit":100,"pivot":{"x":0.5,"y":0.5},"meshType":0}],[0],0,[0],[0],[0]]
