[1,["8a/Tdym5dIC4Ec8Gw78lQb@6c48a"],["_textureSource"],["cc.SpriteFrame"],0,[{"name":"ui_ranking_banner_01","rect":{"x":0,"y":0,"width":306,"height":306},"offset":{"x":0,"y":0},"originalSize":{"width":306,"height":306},"rotated":false,"capInsets":[0,0,0,0],"vertices":{"rawPosition":[-153,-153,0,153,-153,0,-153,153,0,153,153,0],"indexes":[0,1,2,2,1,3],"uv":[0,306,306,306,0,0,306,0],"nuv":[0,0,1,0,0,1,1,1],"minPos":{"x":-153,"y":-153,"z":0},"maxPos":{"x":153,"y":153,"z":0}},"packable":true,"pixelsToUnit":100,"pivot":{"x":0.5,"y":0.5},"meshType":0}],[0],0,[0],[0],[0]]
