[1,["93VJ+qbcBD0KlYtLQtHFqm@f9941","93VJ+qbcBD0KlYtLQtHFqm@6c48a"],["spriteFrame","_textureSource"],["cc.SpriteFrame",["cc.BitmapFont",["_name","fontSize","fntConfig"],0]],[[1,0,1,2,4]],[[[[0,"font_red",54,{"commonHeight":53,"fontSize":54,"atlasName":"font_red.png","fontDefDictionary":{"43":{"xOffset":0,"yOffset":0,"xAdvance":1,"rect":{"x":316,"y":0,"width":1,"height":1}},"45":{"xOffset":0,"yOffset":0,"xAdvance":1,"rect":{"x":317,"y":0,"width":1,"height":1}},"48":{"xOffset":0,"yOffset":0,"xAdvance":20,"rect":{"x":133,"y":0,"width":24,"height":45}},"49":{"xOffset":0,"yOffset":0,"xAdvance":14,"rect":{"x":298,"y":0,"width":18,"height":45}},"50":{"xOffset":0,"yOffset":0,"xAdvance":21,"rect":{"x":83,"y":0,"width":25,"height":45}},"51":{"xOffset":0,"yOffset":0,"xAdvance":20,"rect":{"x":157,"y":0,"width":24,"height":45}},"52":{"xOffset":0,"yOffset":0,"xAdvance":21,"rect":{"x":108,"y":0,"width":25,"height":45}},"53":{"xOffset":0,"yOffset":0,"xAdvance":19,"rect":{"x":253,"y":0,"width":23,"height":45}},"54":{"xOffset":0,"yOffset":0,"xAdvance":20,"rect":{"x":181,"y":0,"width":24,"height":45}},"55":{"xOffset":0,"yOffset":0,"xAdvance":18,"rect":{"x":276,"y":0,"width":22,"height":45}},"56":{"xOffset":0,"yOffset":0,"xAdvance":20,"rect":{"x":205,"y":0,"width":24,"height":45}},"57":{"xOffset":0,"yOffset":0,"xAdvance":20,"rect":{"x":229,"y":0,"width":24,"height":45}},"98":{"xOffset":0,"yOffset":1,"xAdvance":67,"rect":{"x":0,"y":0,"width":83,"height":45}},"103":{"xOffset":0,"yOffset":0,"xAdvance":1,"rect":{"x":318,"y":0,"width":1,"height":1}},"119":{"xOffset":0,"yOffset":0,"xAdvance":1,"rect":{"x":319,"y":0,"width":1,"height":1}}},"kerningDict":{}}]],0,0,[0],[0],[0]],[[{"name":"font_red","rect":{"x":0,"y":0,"width":320,"height":45},"offset":{"x":-96,"y":233.5},"originalSize":{"width":512,"height":512},"rotated":false,"capInsets":[0,0,0,0],"vertices":{"rawPosition":[-160,-22.5,0,160,-22.5,0,-160,22.5,0,160,22.5,0],"indexes":[0,1,2,2,1,3],"uv":[0,512,320,512,0,467,320,467],"nuv":[0,0.912109375,0.625,0.912109375,0,1,0.625,1],"minPos":{"x":-160,"y":-22.5,"z":0},"maxPos":{"x":160,"y":22.5,"z":0}},"packable":true,"pixelsToUnit":100,"pivot":{"x":0.5,"y":0.5},"meshType":0}],[0],0,[0],[1],[1]]]]
