[1,["1d108aaa7@6c48a"],["_textureSource"],["cc.SpriteFrame"],0,[[[{"name":"ui_iceberg_dk_04","rect":{"x":969,"y":853,"width":98,"height":38},"offset":{"x":0,"y":0},"originalSize":{"width":98,"height":38},"rotated":true,"capInsets":[11,10,13,7],"packable":true,"pixelsToUnit":100,"pivot":{"x":0.5,"y":0.5},"meshType":0}],[0],0,[0],[0],[0]],[[{"name":"ui_ranking_title","rect":{"x":3,"y":895,"width":356,"height":63},"offset":{"x":0,"y":0},"originalSize":{"width":356,"height":63},"rotated":false,"capInsets":[0,0,0,0],"packable":true,"pixelsToUnit":100,"pivot":{"x":0.5,"y":0.5},"meshType":0}],[0],0,[0],[0],[0]],[[{"name":"ui_iceberg_dk_05_1","rect":{"x":365,"y":895,"width":123,"height":141},"offset":{"x":0,"y":0},"originalSize":{"width":123,"height":141},"rotated":true,"capInsets":[0,0,0,0],"packable":true,"pixelsToUnit":100,"pivot":{"x":0.5,"y":0.5},"meshType":0}],[0],0,[0],[0],[0]],[[{"name":"ui_iceberg_dk_01_1","rect":{"x":671,"y":3,"width":311,"height":419},"offset":{"x":0,"y":0},"originalSize":{"width":311,"height":419},"rotated":false,"capInsets":[0,0,0,0],"packable":true,"pixelsToUnit":100,"pivot":{"x":0.5,"y":0.5},"meshType":0}],[0],0,[0],[0],[0]],[[{"name":"ui_iceberg_dk_03","rect":{"x":608,"y":934,"width":349,"height":72},"offset":{"x":0,"y":0},"originalSize":{"width":349,"height":72},"rotated":false,"capInsets":[18,14,14,15],"packable":true,"pixelsToUnit":100,"pivot":{"x":0.5,"y":0.5},"meshType":0}],[0],0,[0],[0],[0]],[[{"name":"ui_iceberg_dk_01","rect":{"x":671,"y":428,"width":311,"height":419},"offset":{"x":0,"y":0},"originalSize":{"width":311,"height":419},"rotated":false,"capInsets":[0,0,0,0],"packable":true,"pixelsToUnit":100,"pivot":{"x":0.5,"y":0.5},"meshType":0}],[0],0,[0],[0],[0]],[[{"name":"ui_iceberg_dk_05","rect":{"x":671,"y":853,"width":292,"height":75},"offset":{"x":0,"y":0},"originalSize":{"width":292,"height":75},"rotated":false,"capInsets":[8,5,7,23],"packable":true,"pixelsToUnit":100,"pivot":{"x":0.5,"y":0.5},"meshType":0}],[0],0,[0],[0],[0]],[[{"name":"ui_iceberg_icon_01","rect":{"x":512,"y":895,"width":90,"height":87},"offset":{"x":0,"y":0},"originalSize":{"width":90,"height":87},"rotated":false,"capInsets":[0,0,0,0],"packable":true,"pixelsToUnit":100,"pivot":{"x":0.5,"y":0.5},"meshType":0}],[0],0,[0],[0],[0]],[[{"name":"ui_iceberg_bg_01_1","rect":{"x":3,"y":3,"width":662,"height":886},"offset":{"x":0,"y":0},"originalSize":{"width":662,"height":886},"rotated":false,"capInsets":[0,0,0,0],"packable":true,"pixelsToUnit":100,"pivot":{"x":0.5,"y":0.5},"meshType":0}],[0],0,[0],[0],[0]],[[{"name":"ui_iceberg_dk_06","rect":{"x":963,"y":957,"width":43,"height":40},"offset":{"x":0,"y":0},"originalSize":{"width":43,"height":40},"rotated":true,"capInsets":[9,13,15,13],"packable":true,"pixelsToUnit":100,"pivot":{"x":0.5,"y":0.5},"meshType":0}],[0],0,[0],[0],[0]]]]
