[1,["d4DePut/FHB7VVoLw8Wn36@6c48a"],["_textureSource"],["cc.SpriteFrame","cc.SpriteAtlas"],0,[[[{"name":"run","spriteFrames":["ui_orangutan_walk_01","5cOVvcNtFDr7B+nqyAr3FL@12d24","ui_orangutan_walk_02","5cOVvcNtFDr7B+nqyAr3FL@61ea0"]}],[1],0,[],[],[]],[[{"name":"ui_orangutan_walk_01","rect":{"x":0,"y":0,"width":250,"height":250},"offset":{"x":0,"y":0},"originalSize":{"width":250,"height":250},"rotated":false,"capInsets":[0,0,0,0],"vertices":{"rawPosition":[],"indexes":[],"uv":[],"nuv":[],"minPos":{"x":0,"y":0,"z":0},"maxPos":{"x":0,"y":0,"z":0}},"packable":true,"pixelsToUnit":100,"pivot":{"x":0.5,"y":0.5},"meshType":0}],[0],0,[0],[0],[0]],[[{"name":"ui_orangutan_walk_02","rect":{"x":250,"y":0,"width":250,"height":250},"offset":{"x":0,"y":0},"originalSize":{"width":250,"height":250},"rotated":false,"capInsets":[0,0,0,0],"vertices":{"rawPosition":[],"indexes":[],"uv":[],"nuv":[],"minPos":{"x":0,"y":0,"z":0},"maxPos":{"x":0,"y":0,"z":0}},"packable":true,"pixelsToUnit":100,"pivot":{"x":0.5,"y":0.5},"meshType":0}],[0],0,[0],[0],[0]]]]
