[1,["3doV2txT5HX6tZ7uxno327@6c48a"],["_textureSource"],["cc.SpriteFrame"],0,[{"name":"ui_ranking_title_zh","rect":{"x":0,"y":0,"width":355,"height":62},"offset":{"x":0,"y":0},"originalSize":{"width":355,"height":62},"rotated":false,"capInsets":[0,0,0,0],"vertices":{"rawPosition":[-177.5,-31,0,177.5,-31,0,-177.5,31,0,177.5,31,0],"indexes":[0,1,2,2,1,3],"uv":[0,62,355,62,0,0,355,0],"nuv":[0,0,1,0,0,1,1,1],"minPos":{"x":-177.5,"y":-31,"z":0},"maxPos":{"x":177.5,"y":31,"z":0}},"packable":true,"pixelsToUnit":100,"pivot":{"x":0.5,"y":0.5},"meshType":0}],[0],0,[0],[0],[0]]
