[1,["6cgauvTxZPG6h3XEDXUm3a","a9dkvyHKlOI51d1pTRVtlm","1fFkKWblBK3r3P11vKYNCY","8a+6T41f5MV4dHaG9MewK6","f1/uLnFI9OlKuPlP8g7cD8@6c48a"],["node","root","ani","data","_defaultClip","_textureSource"],[["cc.Node",["_name","_layer","_mobility","_components","_prefab","_children","_parent","_lpos"],0,9,4,2,1,5],"cc.SpriteFrame",["cc.Prefab",["_name"],2],["cc.Node",["_name","_layer","_parent","_components","_prefab"],1,1,12,4],["cc.UITransform",["node","__prefab","_contentSize","_anchorPoint"],3,1,4,5,5],["cc.CompPrefabInfo",["fileId"],2],["51196DXzFxDD5BHBbF7kNs6",["node","__prefab","ani"],3,1,4,1],["cc.PrefabInfo",["fileId","instance","targetOverrides","nestedPrefabInstanceRoots","root","asset"],-1,1,1],["cc.Label",["_string","_actualFontSize","_fontSize","_lineHeight","_enableOutline","_outlineWidth","node","__prefab","_outlineColor"],-3,1,4,5],["cc.LabelOutline",["node","__prefab"],3,1,4],["545c05XsG9GDJispEGWKvYv",["watchPath","node","__prefab"],2,1,4],["cc.Sprite",["_sizeMode","_isTrimmedMode","node","__prefab"],1,1,4],["cc.Animation",["playOnLoad","node","__prefab","_clips"],2,1,4,3]],[[5,0,2],[4,0,1,2,3,1],[7,0,1,2,3,4,5,5],[2,0,2],[0,0,2,1,5,3,4,4],[0,0,1,6,3,4,7,3],[3,0,1,2,3,4,3],[6,0,1,2,1],[8,0,1,2,3,4,5,6,7,8,7],[9,0,1,1],[10,0,1,2,2],[11,0,1,2,3,3],[12,0,1,2,3,2]],[[[[3,"Player"],[4,"Player",2,33554432,[-5,-6],[[1,-2,[0,"206Rv3leJFNbTHL8ylP7P6"],[5,80,100],[0,0.5,0]],[7,-4,[0,"538LqWWExH9IANyNNq4q62"],-3]],[2,"c46/YsCPVOJYA4mWEpNYRx",null,null,null,-1,0]],[5,"Label-Name",33554432,1,[[1,-7,[0,"bdyiQwyFFMFrIS1ZsFwKgC"],[5,42,27.2],[0,0.5,0]],[8,"杀手",20,20,20,true,1,-8,[0,"e9w8Ux59tL3q91TeQAGt33"],[4,2147483648]],[9,-9,[0,"3373eZ94NA0qEYq7097Kdn"]],[10,"*.PlayerName",-10,[0,"5fz+L6FotGo6wRwipqe8Za"]]],[2,"05PmvvRldNe6DBmlABgjpP",null,null,null,1,0],[1,0,65,0]],[6,"BodyNode",33554432,1,[[[1,-11,[0,"c4/cOA7d5CUpe+A6n/XKaJ"],[5,80,80],[0,0.5,0]],-12,[11,0,false,-13,[0,"d3C/7JHTFOirCXdSgPHHge"]]],4,1,4],[2,"31jFBIZURJRY9MgegnfVWq",null,null,null,1,0]],[12,true,3,[0,"67qBZOa0RLeKULUd2qQSte"],[0,1,2,3]]],0,[0,1,1,0,0,1,0,2,4,0,0,1,0,-1,2,0,-2,3,0,0,2,0,0,2,0,0,2,0,0,2,0,0,3,0,-2,4,0,0,3,0,3,1,13],[0,0,0,0,4],[-1,-2,-3,-4,4],[0,1,2,3,0]],[[{"name":"2","rect":{"x":34,"y":9,"width":145,"height":176},"offset":{"x":6.5,"y":3},"originalSize":{"width":200,"height":200},"rotated":false,"capInsets":[0,0,0,0],"vertices":{"rawPosition":[-72.5,-88,0,72.5,-88,0,-72.5,88,0,72.5,88,0],"indexes":[0,1,2,2,1,3],"uv":[34,191,179,191,34,15,179,15],"nuv":[0.17,0.075,0.895,0.075,0.17,0.955,0.895,0.955],"minPos":{"x":-72.5,"y":-88,"z":0},"maxPos":{"x":72.5,"y":88,"z":0}},"packable":true,"pixelsToUnit":100,"pivot":{"x":0.5,"y":0.5},"meshType":0}],[1],0,[0],[5],[4]]]]
