[1,["08vtARd4FAuKdomfW2Dcix@f9941","08vtARd4FAuKdomfW2Dcix@6c48a","52XRK2WsdHxIvzhJaWJOlS@6c48a","a9zxQ4yKhKFZYAKfURMeLX@6c48a","d7INznkP1J36leL7rXCS+6@f9941","52XRK2WsdHxIvzhJaWJOlS@f9941","a9zxQ4yKhKFZYAKfURMeLX@f9941","d7INznkP1J36leL7rXCS+6@6c48a"],["node","_textureSource","_spriteFrame","root","progressNode","StartNode","_barSprite","_target","data","_normalSprite"],[["cc.Node",["_name","_layer","_objFlags","_active","_components","_prefab","_parent","_children","_lpos"],-1,9,4,1,2,5],"cc.SpriteFrame",["cc.Sprite",["_type","_sizeMode","_name","node","__prefab","_spriteFrame","_color"],0,1,4,6,5],["cc.UITransform",["_name","node","__prefab","_contentSize"],2,1,4,5],["cc.Widget",["_alignFlags","_originalWidth","_originalHeight","_bottom","node","__prefab"],-1,1,4],["cc.Label",["_string","_actualFontSize","_name","_isBold","_enableOutline","_fontSize","_overflow","_enableWrapText","node","__prefab","_color"],-5,1,4,5],["545c05XsG9GDJispEGWKvYv",["watchPathArr","watchPath","templateMode","node","__prefab"],0,1,4],["cc.Prefab",["_name"],2],["cc.Node",["_name","_layer","_parent","_components","_prefab"],1,1,12,4],["cc.CompPrefabInfo",["fileId"],2],["92429ykTnxFCrcGyW58JWjj",["node","__prefab","StartNode","progressNode"],3,1,4,1,1],["cc.PrefabInfo",["fileId","instance","targetOverrides","nestedPrefabInstanceRoots","root","asset"],-1,1,1],["cc.ProgressBar",["_mode","_progress","node","__prefab","_barSprite"],1,1,4,1],["2a50eqI7JZNV5Sh0y/Qd9C6",["componentName","componentProperty","watchPathArr","node","__prefab"],0,1,4],["cc.Button",["_transition","node","__prefab","clickEvents","_normalColor","_target","_normalSprite"],2,1,4,9,5,1,6],["cc.ClickEvent",["_componentId","handler","target"],1,1],["cc.LabelOutline",["node","__prefab"],3,1,4]],[[9,0,2],[11,0,1,2,3,4,5,5],[3,0,1,2,3,2],[3,1,2,3,1],[0,0,1,6,7,4,5,8,3],[0,0,1,6,4,5,8,3],[4,0,1,2,4,5,4],[5,2,0,1,3,4,8,9,6],[16,0,1,1],[7,0,2],[0,0,1,7,4,5,3],[0,0,1,6,4,5,3],[0,0,2,3,1,6,4,5,5],[8,0,1,2,3,4,3],[4,0,3,4,5,3],[10,0,1,2,3,1],[2,3,4,5,1],[2,0,3,4,6,5,2],[2,1,3,4,5,2],[2,2,0,1,3,4,4],[12,0,1,2,3,4,3],[13,0,1,2,3,4,4],[14,0,1,2,3,4,5,6,2],[15,0,1,2,3],[5,0,1,5,6,7,8,9,10,6],[6,1,0,3,4,3],[6,2,0,3,4,3]],[[[{"name":"open_game","rect":{"x":3,"y":1,"width":456,"height":128},"offset":{"x":-0.5,"y":4},"originalSize":{"width":463,"height":138},"rotated":false,"capInsets":[0,0,0,0],"vertices":{"rawPosition":[-228,-64,0,228,-64,0,-228,64,0,228,64,0],"indexes":[0,1,2,2,1,3],"uv":[3,137,459,137,3,9,459,9],"nuv":[0.0064794816414686825,0.06521739130434782,0.9913606911447084,0.06521739130434782,0.0064794816414686825,0.9927536231884058,0.9913606911447084,0.9927536231884058],"minPos":{"x":-228,"y":-64,"z":0},"maxPos":{"x":228,"y":64,"z":0}},"packable":true,"pixelsToUnit":100,"pivot":{"x":0.5,"y":0.5},"meshType":0}],[1],0,[0],[1],[1]],[[{"name":"percent_empty","rect":{"x":0,"y":1,"width":504,"height":40},"offset":{"x":0,"y":0},"originalSize":{"width":504,"height":42},"rotated":false,"capInsets":[5,0,5,0],"vertices":{"rawPosition":[-252,-20,0,252,-20,0,-252,20,0,252,20,0],"indexes":[0,1,2,2,1,3],"uv":[0,41,504,41,0,1,504,1],"nuv":[0,0.023809523809523808,1,0.023809523809523808,0,0.9761904761904762,1,0.9761904761904762],"minPos":{"x":-252,"y":-20,"z":0},"maxPos":{"x":252,"y":20,"z":0}},"packable":true,"pixelsToUnit":100,"pivot":{"x":0.5,"y":0.5},"meshType":0}],[1],0,[0],[1],[2]],[[{"name":"percent_full","rect":{"x":0,"y":0,"width":496,"height":36},"offset":{"x":0,"y":0},"originalSize":{"width":496,"height":36},"rotated":false,"capInsets":[10,0,10,0],"vertices":{"rawPosition":[-248,-18,0,248,-18,0,-248,18,0,248,18,0],"indexes":[0,1,2,2,1,3],"uv":[0,36,496,36,0,0,496,0],"nuv":[0,0,1,0,0,1,1,1],"minPos":{"x":-248,"y":-18,"z":0},"maxPos":{"x":248,"y":18,"z":0}},"packable":true,"pixelsToUnit":100,"pivot":{"x":0.5,"y":0.5},"meshType":0}],[1],0,[0],[1],[3]],[[[9,"loading"],[10,"loading",33554432,[-7,-8,-9],[[2,"loading<UITransform>",-2,[0,"dcwRyrrAFJIZu8cg5N9Q7q"],[5,750,1667]],[6,45,1280,720,-3,[0,"26ZokSfFxPFr+5cT88/8nR"]],[15,-6,[0,"daCFe+B0BOeZtHLHqBYu9Z"],-5,-4]],[1,"65Pe/9AIJMgIjcSkJv5QHh",null,null,null,-1,0]],[4,"pro_progress",33554432,1,[-16,-17,-18],[[3,-10,[0,"82bjtghDJB8YqPMxJfJ5Rr"],[5,504,40]],[16,-11,[0,"c6r2/EbkJLgZKG1NvbxXiz"],3],[20,2,0,-13,[0,"d8F8xTDrRJ2aYLMRDN1Csc"],-12],[21,"cc.ProgressBar","progress",["*.finished","*.total"],-14,[0,"8cfgfLAqtIJLDNqIgFd8Xt"]],[14,4,437.798,-15,[0,"7cjLANFmdN6aV+qs7kuNy2"]]],[1,"ecgn8y3TJCyrNvvrmyHnya",null,null,null,1,0],[1,0,-375.702,0]],[4,"Start",33554432,1,[-23],[[3,-19,[0,"b2DvbW+ytKD5i4TiPDWtGZ"],[5,456,128]],[17,1,-20,[0,"54C9WDUsdJh7sPj2OO9LxL"],[4,4292269782],1],[22,1,-22,[0,"53dl1N+BZAvKPtsty4wVSi"],[[23,"92429ykTnxFCrcGyW58JWjj","OnBtnStartClick",1]],[4,4292269782],-21,2]],[1,"a7e8yRkdlMuL0DmTMjXgdO",null,null,null,1,0],[1,0,-568.726,0]],[5,"lab_prompt",33554432,2,[[2,"lab_progress<UITransform>",-24,[0,"37WpHB35ZA8KJNfmflUmio"],[5,164,54.4]],[7,"lab_progress<Label>","状态提示",40,true,true,-25,[0,"18xXPm7ZRGtJOVkw0KWRyI"]],[8,-26,[0,"bfTjeen/RO8Z25U0XoQYb0"]],[25,"*.prompt",[""],-27,[0,"aaLLLRoNxJM6JIqIOxEbdK"]]],[1,"a4Hlk39nNMV7QG9p+cKfSl",null,null,null,1,0],[1,0,74.13,0]],[5,"lab_progress",33554432,2,[[2,"lab_progress<UITransform>",-28,[0,"59IJ+5vLRHKrxqAzljTkOL"],[5,124.078125,54.4]],[7,"lab_progress<Label>","{{0}}%",40,true,true,-29,[0,"fcepWL0LBALrW5rf6BD7MO"]],[8,-30,[0,"6auaUje5JKw65o5hEPEyWR"]],[26,true,["*.progress"],-31,[0,"daILjufOlPdqRfYp3C/iqc"]]],[1,"8ebP9wp/lHdpbk2hOCdLkX",null,null,null,1,0],[1,0,-67.3,0]],[11,"bg",33554432,1,[[3,-32,[0,"f7NISe7HdAD68SLfhnddy8"],[5,750,1667]],[18,0,-33,[0,"e71ctEmpxFC4KlSYRZNz/a"],0],[6,45,750,1667,-34,[0,"39lt3wkwNK8Yoa+4t8qFg9"]]],[1,"7cza7A3O1NDLUuQQdasqMx",null,null,null,1,0]],[12,"Label",512,false,33554432,3,[[3,-35,[0,"cd9YeUHiZGhJY9Hw9x4rv3"],[5,100,40]],[24,"button",20,20,1,false,-36,[0,"64RPN5nj5FXZOMK6ddKIa6"],[4,4278190080]]],[1,"e6Rmp6OaJM4oZJqZ9Tjw4E",null,null,null,1,0]],[13,"pro_bar",33554432,2,[[[2,"Sprite<UITransform>",-37,[0,"bexms9rIVO1aqwsiKpx7p+"],[5,496,36]],-38],4,1],[1,"3dI6CU5MVPS4+WmiQzY0D3",null,null,null,1,0]],[19,"Sprite<Sprite>",3,2,8,[0,"0fN5X9mM5MyL1PjGl22OSC"]]],0,[0,3,1,0,0,1,0,0,1,0,4,2,0,5,3,0,0,1,0,-1,6,0,-2,3,0,-3,2,0,0,2,0,0,2,0,6,9,0,0,2,0,0,2,0,0,2,0,-1,4,0,-2,8,0,-3,5,0,0,3,0,0,3,0,7,3,0,0,3,0,-1,7,0,0,4,0,0,4,0,0,4,0,0,4,0,0,5,0,0,5,0,0,5,0,0,5,0,0,6,0,0,6,0,0,6,0,0,7,0,0,7,0,0,8,0,-2,9,0,8,1,38],[0,0,0,0,9],[2,2,9,2,2],[4,0,0,5,6]],[[{"name":"bg_star_page","rect":{"x":0,"y":0,"width":750,"height":1667},"offset":{"x":0,"y":0},"originalSize":{"width":750,"height":1667},"rotated":false,"capInsets":[0,0,0,0],"vertices":{"rawPosition":[-375,-833.5,0,375,-833.5,0,-375,833.5,0,375,833.5,0],"indexes":[0,1,2,2,1,3],"uv":[0,1667,750,1667,0,0,750,0],"nuv":[0,0,1,0,0,1,1,1],"minPos":{"x":-375,"y":-833.5,"z":0},"maxPos":{"x":375,"y":833.5,"z":0}},"packable":false,"pixelsToUnit":100,"pivot":{"x":0.5,"y":0.5},"meshType":0}],[1],0,[0],[1],[7]]]]
