[1,["53E4GqXZtJH6M0ogqvXRd+@f9941","941FmLkCpNArtXTMZku3Wu@f9941","7aBNXbvQ9Nx6mR8VaGU2YP@f9941","baK2vgmKZDhaHiT422k9XT@f9941","20g1ukYUVPvKWKBRznAKo+@f9941","54TknWPwVPqJqeCR+Y/Czo@f9941","95EkngnxZFbYuFpsqVTaFr@f9941","1cp+sdSB5MnYDZDyMjVFNT@f9941","bbcg8VeiRDJI23dwOyO07V@f9941","2e/yqnuLhPrLt4PMa2zUPf@6c48a","5e2WhJVOVL9YevttC7Fey0@6c48a","7aBNXbvQ9Nx6mR8VaGU2YP@6c48a","84tdxkAg1MNqe2PZhIzysc@6c48a","941FmLkCpNArtXTMZku3Wu@6c48a","95lkSHCR1CwoPrCi5Q86SF@6c48a","2e/yqnuLhPrLt4PMa2zUPf@f9941","beuDn6SbtFfq5kwKu7YKQw@f9941","57UgcWSMhKGYrPQcn4d3+w@f9941","0dL8o9uxxGBqWYCXH6jpuX@f9941","a8ruVOgbZLBJ+t9pcM5y4T@f9941","d2KOePk+dPIYL/nDx9MXoz@f9941","95lkSHCR1CwoPrCi5Q86SF@f9941","84tdxkAg1MNqe2PZhIzysc@f9941","ffuIqPr2JI9I8dPLYGRDpD@f9941","5e2WhJVOVL9YevttC7Fey0@f9941","7dj5uJT9FMn6OrOOx83tfK@f9941","4biFomYAdEHax35QjdSpz+@f9941","74ny3clg9Fn7pxwjCRCe+m@f9941","2e1hPjSKdHsYYsbY/vN9Ac","afxHkx8GZGsJC+n+YfITQo@f9941","91jRVDFcZK4LN75G9LboyB@f9941","a8ruVOgbZLBJ+t9pcM5y4T@6c48a","baK2vgmKZDhaHiT422k9XT@6c48a","bbcg8VeiRDJI23dwOyO07V@6c48a"],["node","_spriteFrame","_textureSource","_target","_parent","root","_checkMark","_normalSprite","_hoverSprite","_pressedSprite","_disabledSprite","helpNode","poolCDLabel","winLabel","poolLabel","selfHeadIcon","selfWinLabel","selfPutintoLabel","selfLevelIcon","selfLevelIconNode","selfLevelLabel","selfLevelLabelNode","yesterdayBtnLabel","todayBtnLabel","selfRankNode","rankListNode","data","_scrollView","rankItemPrefab"],[["cc.Node",["_name","_objFlags","_layer","_active","_components","_prefab","_parent","_children","_lpos","_lscale"],-1,9,4,1,2,5,5],["cc.Widget",["_alignFlags","_originalWidth","_originalHeight","_right","_top","_left","_bottom","_alignMode","node","__prefab"],-5,1,4],["cc.Sprite",["_sizeMode","_type","_enabled","_name","node","__prefab","_spriteFrame","_color"],-1,1,4,6,5],"cc.SpriteFrame",["cc.Node",["_name","_layer","_active","_parent","_components","_prefab","_lpos","_children"],0,1,12,4,5,2],["cc.Label",["_actualFontSize","_fontSize","_string","_isBold","_horizontalAlign","_overflow","_enableOutline","node","__prefab","_color"],-4,1,4,5],["cc.UITransform",["_name","node","__prefab","_contentSize","_anchorPoint"],2,1,4,5,5],["cc.Button",["_transition","node","__prefab","clickEvents","_normalColor","_target","_normalSprite","_hoverSprite","_pressedSprite","_disabledSprite"],2,1,4,9,5,1,6,6,6,6],["cc.ClickEvent",["_componentId","handler","customEventData","target"],0,1],["cc.Toggle",["_isChecked","node","__prefab","clickEvents","_normalColor","_target","_checkMark"],2,1,4,9,5,1,1],["cc.Prefab",["_name"],2],["cc.CompPrefabInfo",["fileId"],2],["ec9f0E6fExOK6djLtd8Qahv",["node","__prefab","root","rankListNode","selfRankNode","todayBtnLabel","yesterdayBtnLabel","selfLevelLabelNode","selfLevelLabel","selfLevelIconNode","selfLevelIcon","selfPutintoLabel","selfWinLabel","selfHeadIcon","poolLabel","winLabel","poolCDLabel","helpNode","rankItemPrefab"],3,1,4,1,1,1,1,1,1,1,1,1,1,1,1,1,1,1,1,6],["cc.PrefabInfo",["fileId","instance","targetOverrides","nestedPrefabInstanceRoots","root","asset"],-1,1,1],["cc.Layout",["_resizeMode","_layoutType","_isAlign","node","__prefab"],0,1,4],["cc.Mask",["node","__prefab"],3,1,4],["cc.Graphics",["node","__prefab","_fillColor"],3,1,4,5],["cc.UIOpacity",["_opacity","node","__prefab"],2,1,4],["cc.BlockInputEvents",["node","__prefab"],3,1,4],["cc.ToggleContainer",["node","__prefab"],3,1,4],["cc.RichText",["_string","_fontSize","_maxWidth","node","__prefab","_fontColor"],0,1,4,5],["cc.ScrollBar",["_direction","_enableAutoHide","node","__prefab","_handle"],1,1,4,1],["cc.ScrollView",["bounceDuration","brake","horizontal","node","__prefab","_content","_verticalScrollBar"],0,1,4,1,1]],[[11,0,2],[13,0,1,2,3,4,5,5],[6,1,2,3,1],[0,0,6,4,5,8,2],[2,0,4,5,6,2],[6,1,2,3,4,1],[0,0,6,7,4,5,8,2],[4,0,3,4,5,6,2],[1,0,1,8,9,3],[2,1,0,4,5,6,3],[5,2,0,1,7,8,4],[0,0,1,6,4,5,3],[1,0,1,2,8,9,4],[2,0,4,5,7,6,2],[8,0,1,3,3],[5,0,1,5,6,7,8,5],[5,4,0,1,7,8,4],[5,2,0,1,7,8,9,4],[0,0,1,6,7,4,5,8,3],[0,0,2,7,4,5,8,3],[0,0,1,6,4,5,8,3],[0,0,6,4,5,8,9,2],[4,0,3,4,5,2],[4,0,1,3,4,5,6,3],[4,0,1,3,4,5,3],[1,0,5,3,1,8,9,5],[2,4,5,6,1],[2,0,4,5,2],[7,0,1,2,3,4,5,6,7,8,9,2],[8,0,1,2,3,4],[15,0,1,1],[16,0,1,2,1],[5,2,0,1,3,7,8,9,5],[5,2,4,0,1,3,7,8,9,6],[10,0,2],[0,0,7,4,5,2],[0,0,3,6,7,4,5,3],[0,0,2,4,5,3],[0,0,2,6,7,4,5,3],[0,0,6,4,5,2],[4,0,3,7,4,5,6,2],[4,0,1,3,7,4,5,6,3],[4,0,2,1,3,4,5,6,4],[6,0,1,2,3,2],[1,0,5,3,1,2,8,9,6],[1,0,5,4,8,9,4],[1,0,4,6,1,2,8,9,6],[1,0,8,9,2],[1,0,3,4,8,9,4],[1,0,2,7,8,9,4],[1,0,3,8,9,3],[1,0,6,1,2,8,9,5],[1,0,4,1,2,8,9,5],[12,0,1,2,3,4,5,6,7,8,9,10,11,12,13,14,15,16,17,18,1],[2,2,1,0,4,5,6,4],[2,1,0,4,5,3],[2,1,0,4,5,7,6,3],[2,3,0,4,5,3],[2,1,0,4,5,7,3],[2,4,5,1],[7,0,1,2,3,4,5,2],[9,1,2,3,4,5,6,1],[9,0,1,2,3,4,5,6,2],[14,0,1,2,3,4,4],[17,0,1,2,2],[18,0,1,1],[19,0,1,1],[5,2,0,1,3,7,8,5],[20,0,1,2,3,4,5,4],[21,0,1,2,3,4,3],[22,0,1,2,3,4,5,6,4]],[[[{"name":"ui_ranking_bg_01","rect":{"x":0,"y":0,"width":750,"height":675},"offset":{"x":0,"y":0},"originalSize":{"width":750,"height":675},"rotated":false,"capInsets":[0,0,0,0],"vertices":{"rawPosition":[-375,-337.5,0,375,-337.5,0,-375,337.5,0,375,337.5,0],"indexes":[0,1,2,2,1,3],"uv":[0,675,750,675,0,0,750,0],"nuv":[0,0,1,0,0,1,1,1],"minPos":{"x":-375,"y":-337.5,"z":0},"maxPos":{"x":375,"y":337.5,"z":0}},"packable":true,"pixelsToUnit":100,"pivot":{"x":0.5,"y":0.5},"meshType":0}],[3],0,[0],[2],[9]],[[{"name":"ui_ranking_dk_05","rect":{"x":0,"y":0,"width":750,"height":127},"offset":{"x":0,"y":0},"originalSize":{"width":750,"height":127},"rotated":false,"capInsets":[0,0,0,0],"vertices":{"rawPosition":[-375,-63.5,0,375,-63.5,0,-375,63.5,0,375,63.5,0],"indexes":[0,1,2,2,1,3],"uv":[0,127,750,127,0,0,750,0],"nuv":[0,0,1,0,0,1,1,1],"minPos":{"x":-375,"y":-63.5,"z":0},"maxPos":{"x":375,"y":63.5,"z":0}},"packable":true,"pixelsToUnit":100,"pivot":{"x":0.5,"y":0.5},"meshType":0}],[3],0,[0],[2],[10]],[[{"name":"ui_ranking_button_02","rect":{"x":0,"y":0,"width":366,"height":96},"offset":{"x":0,"y":0},"originalSize":{"width":366,"height":96},"rotated":false,"capInsets":[0,0,0,0],"vertices":{"rawPosition":[-183,-48,0,183,-48,0,-183,48,0,183,48,0],"indexes":[0,1,2,2,1,3],"uv":[0,96,366,96,0,0,366,0],"nuv":[0,0,1,0,0,1,1,1],"minPos":{"x":-183,"y":-48,"z":0},"maxPos":{"x":183,"y":48,"z":0}},"packable":true,"pixelsToUnit":100,"pivot":{"x":0.5,"y":0.5},"meshType":0}],[3],0,[0],[2],[11]],[[{"name":"ui_ranking_dk_02","rect":{"x":0,"y":0,"width":46,"height":49},"offset":{"x":0,"y":0},"originalSize":{"width":46,"height":49},"rotated":false,"capInsets":[10,15,10,15],"vertices":{"rawPosition":[-23,-24.5,0,23,-24.5,0,-23,24.5,0,23,24.5,0],"indexes":[0,1,2,2,1,3],"uv":[0,49,46,49,0,0,46,0],"nuv":[0,0,1,0,0,1,1,1],"minPos":{"x":-23,"y":-24.5,"z":0},"maxPos":{"x":23,"y":24.5,"z":0}},"packable":true,"pixelsToUnit":100,"pivot":{"x":0.5,"y":0.5},"meshType":0}],[3],0,[0],[2],[12]],[[{"name":"ui_ranking_dk_03","rect":{"x":0,"y":0,"width":16,"height":16},"offset":{"x":0,"y":0},"originalSize":{"width":16,"height":16},"rotated":false,"capInsets":[5,5,5,5],"vertices":{"rawPosition":[-8,-8,0,8,-8,0,-8,8,0,8,8,0],"indexes":[0,1,2,2,1,3],"uv":[0,16,16,16,0,0,16,0],"nuv":[0,0,1,0,0,1,1,1],"minPos":{"x":-8,"y":-8,"z":0},"maxPos":{"x":8,"y":8,"z":0}},"packable":true,"pixelsToUnit":100,"pivot":{"x":0.5,"y":0.5},"meshType":0}],[3],0,[0],[2],[13]],[[{"name":"ui_ranking_ljt_01","rect":{"x":0,"y":0,"width":718,"height":196},"offset":{"x":0,"y":0},"originalSize":{"width":718,"height":196},"rotated":false,"capInsets":[0,0,0,0],"vertices":{"rawPosition":[-359,-98,0,359,-98,0,-359,98,0,359,98,0],"indexes":[0,1,2,2,1,3],"uv":[0,196,718,196,0,0,718,0],"nuv":[0,0,1,0,0,1,1,1],"minPos":{"x":-359,"y":-98,"z":0},"maxPos":{"x":359,"y":98,"z":0}},"packable":true,"pixelsToUnit":100,"pivot":{"x":0.5,"y":0.5},"meshType":0}],[3],0,[0],[2],[14]],[[[34,"Rank"],[35,"Rank",[-21,-22,-23,-24,-25,-26,-27],[[2,-2,[0,"17eIFWNN9EtJt5sSSJObd3"],[5,750.0000000000001,1667]],[44,45,-5.684341886080802e-14,-5.684341886080802e-14,750,100,-3,[0,"9fijG+1klNM5YIiCrmIYbz"]],[53,-20,[0,"2a5alYNVxEjpF1vL61LuyM"],-19,-18,-17,-16,-15,-14,-13,-12,-11,-10,-9,-8,-7,-6,-5,-4,30]],[1,"c46/YsCPVOJYA4mWEpNYRx",null,null,null,-1,0]],[6,"Node",1,[-30,-31,-32,-33,-34,-35,-36,-37,-38,-39,-40,-41,-42,-43,-44,-45,-46,-47,-48],[[2,-28,[0,"8bt3Sp0LhJ2YHHo6y+6B5U"],[5,750.0000000000001,720]],[8,41,100,-29,[0,"28IXMDhjFACr5Sk8bL5vdZ"]]],[1,"f3W9HxALVNfYKnnjeDBiez",null,null,null,1,0],[1,0,473.5,0]],[6,"selfRankNode",1,[-52,-53,-54,-55,-56,-57],[[2,-49,[0,"efa4R7bi9LMYFsH6clHclf"],[5,750.0000000000001,127]],[4,0,-50,[0,"1dIHtX5StDeonr13ek2k+D"],21],[8,44,750,-51,[0,"f5evDLkrFPUb8nYCEieY3a"]]],[1,"1c4wBghphMcK5dKBd73O2+",null,null,null,1,0],[1,0,-770,0]],[36,"HelpNode",false,1,[-60,-61,-62,-63],[[2,-58,[0,"21GuhqhcNEA5eXBnBBxzgc"],[5,750,1334.0000000000002]],[12,45,2,2,-59,[0,"0aP2OUNINCuZoBT7USboUn"]]],[1,"9b+ONvjnNMaL/dRglC6mQB",null,null,null,1,0]],[18,"BackBtn",512,1,[-69],[[2,-64,[0,"b52+ilgjxJmIcdGuNCNYxS"],[5,64,64]],[54,false,1,0,-65,[0,"1b+86VIxtJvZK+RJIAuTot"],3],[60,3,-67,[0,"9eX+jVPOZH1qVUdgggxO3f"],[[14,"ec9f0E6fExOK6djLtd8Qahv","OnBackClick",1]],[4,4292269782],-66],[45,9,27,24,-68,[0,"80jDAS3w5CIbtGvtbw1MYO"]]],[1,"f5G9OpIf1PGIpWvdHoMuJk",null,null,null,1,0],[1,-316.00000000000006,777.5,0]],[19,"TodayBtn",33554432,[-75,-76],[[2,-70,[0,"eeFdPwe91KdIMT4CLVV6uX"],[5,366,96]],[4,2,-71,[0,"58a1LqnkdM7aNvXh0mtBPE"],12],[61,-74,[0,"22M7YVecpCRLOOA06xEesG"],[[29,"ec9f0E6fExOK6djLtd8Qahv","onSelectRank","1",1]],[4,4292269782],-73,-72]],[1,"bbCf92JhtL6pOVYf0XFuiN",null,null,null,1,0],[1,-184.11,0,0]],[19,"YesterdayBtn",33554432,[-82,-83],[[2,-77,[0,"e3iCRb/OBDnZYw+nuSuU6x"],[5,366,96]],[4,2,-78,[0,"9equ+WpBtH65B8NGuF9z1r"],13],[62,false,-81,[0,"73ULP7WRxGDoZZ30bg8pXZ"],[[29,"ec9f0E6fExOK6djLtd8Qahv","onSelectRank","2",1]],[4,4292269782],-80,-79]],[1,"b2cAsC+DpKfa5tDUrnDvUl",null,null,null,1,0],[1,186.19,0,0]],[40,"ScrollView",1,[-88,-89],[[[5,-84,[0,"32v3WaS7ROdpkln3FJOMxn"],[5,750.0000000000001,820],[0,0.5,1]],[55,1,0,-85,[0,"e8wD3YBfpD/oErD7Ur0q1Q"]],-86,[46,45,720,127,240,560,-87,[0,"5d5i9AXidPXIAdGoDYrIWB"]]],4,4,1,4],[1,"des8zU3X9HhZf5+BCUIaum",null,null,null,1,0],[1,0,113.5,0]],[6,"ui_ranking_bt_01",2,[-93,-94],[[2,-90,[0,"62bnCZLINJeodovO6OukS6"],[5,482,183]],[4,0,-91,[0,"d79CurFnFAla7Kj/P+zQKG"],5],[47,1,-92,[0,"b6nhJSfeNLEKO/IdR2Gpwz"]]],[1,"e5QujKdZ1Ho6hB2g3vKp/F",null,null,null,1,0],[1,0,268.5,0]],[3,"HelpButton",2,[[2,-95,[0,"fd26RByAJCuIfQbxDDuM6u"],[5,39,39]],[9,1,2,-96,[0,"9fT6/jxn5F0o8clliOeb98"],15],[28,3,-98,[0,"28F8CpkN9DC6/ymPohyGCR"],[[14,"ec9f0E6fExOK6djLtd8Qahv","onShowHelp",1]],[4,4292269782],-97,16,17,18,19],[48,33,30,30,-99,[0,"adEj14xUxH76eS8JfL4oWy"]]],[1,"d8mhYlpOxCH6UAYLJxPAzG",null,null,null,1,0],[1,325.50000000000006,310.5,0]],[41,"scrollBar",33554432,8,[-104],[[[5,-100,[0,"9cQpX2wuRF57vWJaNz5pAC"],[5,12,820],[0,1,0.5]],[56,1,0,-101,[0,"52Ol9s+6hODaML3twTiuYl"],[4,16777215],20],[49,37,250,1,-102,[0,"64UcUpZv9Pnq46SR3q1clG"]],-103],4,4,4,1],[1,"55+Dm6AWlD8KJBQ2/f3oSS",null,null,null,1,0],[1,375.00000000000006,-410,0]],[37,"content",33554432,[[5,-105,[0,"5d8NfTtHVNTZQiHE4jpJ+j"],[5,750.0000000000001,0],[0,0.5,1]],[63,1,2,true,-106,[0,"d0lNQrn1ZIMZaYTztlm72H"]],[8,40,750,-107,[0,"8e068p9N1NT6957nQxNfky"]]],[1,"daQzfalnZBdqXd4aABq02y",null,null,null,1,0]],[38,"view",33554432,8,[12],[[5,-108,[0,"3aHLVMthNIrbouRIHd3ujv"],[5,750.0000000000001,820],[0,0.5,1]],[30,-109,[0,"f6jtOrQxhAjrnHP+KJfcCP"]],[31,-110,[0,"278nV3fgBEwKC0yCKfmsWk"],[4,16777215]],[12,45,750,560,-111,[0,"45sW1kF3VEQ5EY+A6GjJrM"]]],[1,"5f587MnXBPRJ06GHeweX0L",null,null,null,1,0]],[11,"bg",512,4,[[2,-112,[0,"f4amBTbvVO6I5P4jqeGAHT"],[5,750,1334.0000000000002]],[13,0,-113,[0,"6bGERvan9IrqOsmIr1Zym+"],[4,4278190080],22],[12,45,2,2,-114,[0,"cfqHCmNeFIvISZc7n8hbXW"]],[64,128,-115,[0,"eaOmfWpANNNYv7riB0roSj"]],[65,-116,[0,"b1FwR1Rf9OFLSxVxik6io1"]]],[1,"50rWM4nLtCC5CDg5wCyCDV",null,null,null,1,0]],[18,"ui_tips_bj_02",512,4,[-120,-121],[[2,-117,[0,"a0wJA8anFKUpAXGFZyibU/"],[5,730,80]],[9,1,0,-118,[0,"7eoO9U/y9Jtr2qklMcqYM2"],29],[25,40,10,10,62,-119,[0,"daI6qp80ZDM4+fnvCTaYZp"]]],[1,"bess3K9z5KxLFiajI/rVka",null,null,null,1,0],[1,0,329.159,0]],[20,"CloseButton",512,15,[[2,-122,[0,"191tdoOaJLiJpDXmwjUlYi"],[5,38,40]],[9,1,2,-123,[0,"3fFAxKr5dLuqXa45T2xU++"],24],[28,3,-125,[0,"27WPxWY9hHKLJCzXMy0bSl"],[[14,"ec9f0E6fExOK6djLtd8Qahv","onCloseHelp",1]],[4,4292269782],-124,25,26,27,28],[50,32,45,-126,[0,"36+MzNVs5ET4pJ8o/QNQto"]]],[1,"8ejPMAiPFDU77yexXl38lA",null,null,null,1,0],[1,301,4.0629999999998745,0]],[6,"headMask",3,[-130],[[2,-127,[0,"9b21vt4t1FNKIvMx+MN3Ak"],[5,80,80]],[30,-128,[0,"48pMCFW1hNUrRdTNjpd0KI"]],[31,-129,[0,"e832h9CwRPaZtLZEfV+t/J"],[4,16777215]]],[1,"b4AQA851NGNZfG6eznfghS",null,null,null,1,0],[1,-185.446,0.5,0]],[3,"rank_bg",1,[[2,-131,[0,"6bi0pi3EpA06Bv7JgvF5MR"],[5,750.0000000000001,675]],[4,0,-132,[0,"b0pMJpj/lPna2q18XfXOiX"],0],[51,41,-241,750,1575,-133,[0,"17QbL4FQZIm7tSAO6uSwWK"]]],[1,"84uDf7GtZJ36GEADLoGr7N",null,null,null,1,0],[1,0,496,0]],[3,"ui_ranking_dk_04",1,[[2,-134,[0,"72spWRzBNLBI2y9C6I1RnO"],[5,750.0000000000001,1042]],[13,0,-135,[0,"a8k6VB5DdLpZZK/o3taWKM"],[4,4281345566],1],[52,45,625,16,30,-136,[0,"6a43L5n61DUIufAUuXE5Ip"]]],[1,"d41mvEUmBLLqYI3begfLkq",null,null,null,1,0],[1,0,-312.5,0]],[6,"Sprite",2,[-139],[[2,-137,[0,"07+flhttBEH75LsQu0cgqO"],[5,544,34]],[26,-138,[0,"fbkN+eiIVPoK4KATGorj3T"],6]],[1,"1e0KiDj0ZPHodBkNxtDFON",null,null,null,1,0],[1,0,152,0]],[3,"ui_ranking_dk_02",2,[[2,-140,[0,"ccWLJ+/w9Kfrdn2IUWRo9E"],[5,750.0000000000001,120]],[9,1,0,-141,[0,"bdvTBkMTZCK74qiP6NjOG4"],11],[8,40,46,-142,[0,"43GEpE/BJJCpVU3vQrP+5H"]]],[1,"723bMIjFdJ+LqUIcREVZ1A",null,null,null,1,0],[1,0,-266.301,0]],[6,"ToggleGroup",2,[6,7],[[66,-143,[0,"fc0OOFOR1OTKKqpaYNwL2E"]]],[1,"6frmomtvNGWqRKWgQlZ5dm",null,null,null,1,0],[1,0,-265.878,0]],[21,"ui_ranking_dk_03",2,[[2,-144,[0,"a2CmzyI1NJcbJQZEk0CFFZ"],[5,750.0000000000001,30]],[13,0,-145,[0,"6bSgsmuKhAkYoS8vlFWtMa"],[4,4283449910],14],[8,40,16,-146,[0,"79KgvYZ6VKVIDk14C5RNxk"]]],[1,"96TKamLVBHoLiWuScSICRG",null,null,null,1,0],[1,0,-346.878,0],[1,1,1.4,1]],[7,"selfLevelLabelNode",3,[[[2,-147,[0,"dad7W2gdtIQKVlo6kIDzX+"],[5,90,50.4]],-148],4,1],[1,"515bkxREVIs7dzmEqqXX2L",null,null,null,1,0],[1,-295.258,0,0]],[7,"selfLevelIcon",3,[[[2,-149,[0,"511sdNdfhG85RxYvtvDlJO"],[5,71,59]],-150],4,1],[1,"66iasVp11JDqZF8FnMVB8f",null,null,null,1,0],[1,-293.824,0,0]],[11,"spriteFrame",512,4,[[2,-151,[0,"18mmxdAHRPurLk5xsD052f"],[5,710,600]],[9,1,0,-152,[0,"c3StVfh25MDbsU9rJnA0pQ"],23],[25,40,20,20,72,-153,[0,"427FqqXUBN6bzhafmD0v2m"]]],[1,"285gw0YTdHupWjdeCHZwMi",null,null,null,1,0]],[39,"Sprite",5,[[2,-154,[0,"33bstgWSJOJLeWsR7Pu19z"],[5,84,80]],[4,2,-155,[0,"3fJ6+SdiVLCYsaykmbAgWp"],2]],[1,"c1uwVVV0hO6bhIqzdDZhyl",null,null,null,1,0]],[3,"ui_ranking_title_zh",9,[[2,-156,[0,"10sEBpl5pPp764D0qamGky"],[5,356,63]],[4,0,-157,[0,"53MXnurXhJRZU5/4gdZ91R"],4]],[1,"2ebKku0pVOX7iZzNhAm7W4",null,null,null,1,0],[1,0,3.528,0]],[7,"Label",9,[[[2,-158,[0,"f3/gKl0phN67nCbmbLuGny"],[5,0,50.4]],-159],4,1],[1,"0dJKF6kLpIh5bTsvwoCEhP",null,null,null,1,0],[1,0,-34.5,0]],[22,"Label",20,[[[2,-160,[0,"18lROR8nBCyZgqQicBS7Pb"],[5,0,50.4]],-161],4,1],[1,"c9GK8qeJ1Pt6RXno4OTAPo",null,null,null,1,0]],[3,"ui_ranking_ljt_01",2,[[2,-162,[0,"f9zL1d5WZAmYKEK/T68h63"],[5,718,196]],[26,-163,[0,"c2cbmpBCRATIvudJj+QQwk"],7]],[1,"0dNZxs/8xOl7DPizn4G76A",null,null,null,1,0],[1,0,-118.332,0]],[3,"Rank-1",2,[[2,-164,[0,"bcjDBETbtM6KEx10VRpDtX"],[5,200,200]],[4,0,-165,[0,"59ukGrfGFFPIDEpICrX5P1"],8]],[1,"56StA5aSROcZE0tXSdk/Kz",null,null,null,1,0],[1,0,35.668,0]],[3,"Rank-2",2,[[2,-166,[0,"2be6yip3NGeY0Dheacsntb"],[5,200,200]],[4,0,-167,[0,"3dBfwvZHxFEIMighAWCJVv"],9]],[1,"5b8qdwS0tDRpgEm4vXhjKN",null,null,null,1,0],[1,-236,-7.332,0]],[3,"Rank-3",2,[[2,-168,[0,"45A37fMrVJ2J2/I1x0xS7E"],[5,200,200]],[4,0,-169,[0,"a6E+Ss0RRMy7bOQhi2UI3I"],10]],[1,"33VoA5BkhOwqQjFnYv4LgX",null,null,null,1,0],[1,239.375,-27.332,0]],[3,"AwardLabel1",2,[[2,-170,[0,"7eQ0+MfMlH86CLs5cdapbw"],[5,240,54.39999999999999]],[15,31,30,2,true,-171,[0,"66h53Zo+5HiIehJBU4vlwJ"]]],[1,"05S6xj96lHY6qoFBZZZ2GN",null,null,null,1,0],[1,0.486,-106.414,0]],[3,"AwardLabel2",2,[[2,-172,[0,"641awAqpVPWIK4fjC8zwXS"],[5,220,54.39999999999999]],[15,31,30,2,true,-173,[0,"f81drjvrNFrqtqOSXsLooO"]]],[1,"3amKWONORK6ZpfvRSC6r/d",null,null,null,1,0],[1,-241.186,-135.411,0]],[3,"AwardLabel3",2,[[2,-174,[0,"8fBX+D6rNJOJzGB+94WACg"],[5,220,54.39999999999999]],[15,31,30,2,true,-175,[0,"49to2JwepLfZQNX9BYIMar"]]],[1,"adDaYJN49P159YUBPmySmI",null,null,null,1,0],[1,240.683,-146.209,0]],[3,"NameLabel1",2,[[2,-176,[0,"7b+QtlfZdIqI5xsSmFHxt/"],[5,50.70703125,50.4]],[16,0,24,24,-177,[0,"19024Xm1pMA5a61Sb/h0+s"]]],[1,"a7HtA5e1VIRboFQdMzra7N",null,null,null,1,0],[1,0,-145.947,0]],[3,"NameLabel2",2,[[2,-178,[0,"d6qzfzixxDn4BddVf2KXJR"],[5,50.70703125,50.4]],[16,0,24,24,-179,[0,"50FUTcV3ZGaq4QnCAbvcjy"]]],[1,"d1wkeVGgFM8IwG/NEzySSE",null,null,null,1,0],[1,-245.756,-175.004,0]],[3,"NameLabel3",2,[[2,-180,[0,"e2GIb2HNpHjZVWZxppeWnJ"],[5,50.70703125,50.4]],[16,0,24,24,-181,[0,"45sGgh69FEdYexiKhWa6mO"]]],[1,"50Ua56WmlHeoSh6VDyFtf2",null,null,null,1,0],[1,241.868,-182.587,0]],[23,"Checkmark",33554432,6,[[[2,-182,[0,"beVGt5d6FDu5dolprHoIW3"],[5,366,110]],-183],4,1],[1,"43JbFf7SVDY4yYWDiL1uOF",null,null,null,1,0],[1,0,-6,0]],[24,"TextLabel",33554432,6,[[[2,-184,[0,"6aETf0R1FLGJ4t/+uAZpkN"],[5,90,50.4]],-185],4,1],[1,"953yODQStD7Kh9WIPiVtOX",null,null,null,1,0]],[42,"Checkmark",false,33554432,7,[[[43,"Checkmark<UITransformComponent>",-186,[0,"beTMA+KARAvZ6gehnKDW93"],[5,366,110]],-187],4,1],[1,"62mLmKgu9Dc5Ydd09+5hNl",null,null,null,1,0],[1,0,-6,0]],[24,"TextLabel",33554432,7,[[[2,-188,[0,"1cQGUSDi5Gx5Ufp0m7856M"],[5,90,50.4]],-189],4,1],[1,"51Y4S7y6NFP64TblmYiuZq",null,null,null,1,0]],[21,"NameLabel",2,[[2,-190,[0,"a5TtQB/lBDLoAgYT+KOMYw"],[5,116.00390625,50.4]],[10,"排名 / 用户",24,24,-191,[0,"e7/3mtTN9B+J8NcWbzIUW1"]]],[1,"48c+TPl+5MlL7P58mc6a1a",null,null,null,1,0],[1,-244.124,-346.878,0],[1,1,0.965,1]],[7,"WinLabel",2,[[[2,-192,[0,"6coMFy2MdEYqTjvl9a8JGs"],[5,96,50.4]],-193],4,1],[1,"60x13TmHZOxq65puAwu9B8",null,null,null,1,0],[1,125.12,-346.87799999999993,0]],[3,"PutLabel",2,[[2,-194,[0,"4ciz17N6tELLLVUnXKlMSo"],[5,96,50.4]],[10,"累计投入",24,24,-195,[0,"4eT+UQ915LmbosQsJHKrS5"]]],[1,"0ekHqFDBJA3Y0+jEh3ZZ8i",null,null,null,1,0],[1,264.527,-346.878,0]],[23,"bar",33554432,11,[[[5,-196,[0,"624jpxYb9OK7CP6Y8zmKA6"],[5,10,156.25],[0,0,0]],-197],4,1],[1,"ffvBlTxmNF4K1E5OLqED4x",null,null,null,1,0],[1,-11,-31.25,0]],[22,"selfHead",17,[[[2,-198,[0,"8dysNveXhCJK4JQpC8IuL3"],[5,120,120]],-199],4,1],[1,"99NVGoI6dO2IarIGHtW3Hk",null,null,null,1,0]],[3,"selfNameLabel",3,[[5,-200,[0,"7b5ClPQedFPZlivGr8A1+/"],[5,60,50.4],[0,0,0.5]],[10,"自己",30,30,-201,[0,"daPyuJLIFLqKl0rypU1YSG"]]],[1,"0bkE0whexDnKt8QwO760nz",null,null,null,1,0],[1,-119.242,0,0]],[7,"selfPutintoLabel",3,[[[5,-202,[0,"adEF4Kj3BP04J7BArAK2jC"],[5,0,50.4],[0,1,0.5]],-203],4,1],[1,"d6EGgllOtGE7rXr0iqEhcI",null,null,null,1,0],[1,312.378,0,0]],[7,"selfWinLabel",3,[[[2,-204,[0,"5fdHJ6hHBAS55g4hFAa/MY"],[5,0,50.4]],-205],4,1],[1,"c4wyB1JJlOB49TIXCil0cn",null,null,null,1,0],[1,138.754,0,0]],[20,"Label",512,15,[[2,-206,[0,"81qS5sRwxKXpKwhMNihpoQ"],[5,167.99645987386882,50.4]],[67,"规则说明",44.14092953523238,42,true,-207,[0,"0626lJt5tCt5JKk7OpJdYp"]]],[1,"37yNe47PpGOZ5gc2DqEdzo",null,null,null,1,0],[1,0,2.0540000000000873,0]],[11,"RichText",512,4,[[2,-208,[0,"32d4M67PFB7ZGjyQu+fitI"],[5,660,490.4]],[68,"游戏排名奖励规则\n1、每局游戏平台盈利的5%会进入「当前游戏的奖励奖池」，每日「当前」游戏累计投入前5名，可以瓜分当日「当前」游戏奖池50%的奖金，另外50%注入次日游戏奖池。\n2、瓜分规则：第1~5名，按照累计投入量加权，瓜分当日奖池的95%，第1名，额外可拿走当日游戏奖池奖金的5%。\n3、游戏排名时间截止当天的23:59:59(UTC+8)，奖金会在次日1:00 (UTC+8)由智能合约自动发放至您绑定的钱包。\n4、实时更新排行榜。",30,660,-209,[0,"b6pATfr3lKIJYBTERnzRs4"],[4,4282263575]]],[1,"03CkclyNNAtKEXkYbz0GFY",null,null,null,1,0]],[17,"",20,20,29,[0,"0ahD7iEJhNH7eqFn3smJ6R"],[4,4292670975]],[17,"",20,20,30,[0,"b3p3SnNdREAoLxULj6DfcM"],[4,4292670975]],[27,2,41,[0,"26BT35rJ9IJrD88rQp6VIy"]],[32,"今日榜",30,30,true,42,[0,"03g7djW+pGy75D6cNfHecT"],[4,4278190080]],[57,"Checkmark<SpriteComponent>",2,43,[0,"eahI1w7YtLcaQvTxFKRVWr"]],[32,"昨日榜",30,30,true,44,[0,"58HTFYUuJEQ4QCbPwfauez"],[4,4287595385]],[10,"获得奖励",24,24,46,[0,"883DPW/EVMXJztRHwWF+DN"]],[58,1,0,48,[0,"98166WDjJKeL0YG+0duWu/"],[4,16777215]],[69,1,true,11,[0,"b1JKDZlWJPe7PpBLLQtdkN"],62],[70,0.23,0.75,false,8,[0,"158h91hTRIqoXDKnRyLB2Q"],12,63],[17,"未上榜",30,30,24,[0,"49e+SXCZRMG6H9aKAGddVT"],[4,4282269332]],[59,25,[0,"65sXZNNBdMD5OvwmDG3gzh"]],[27,0,49,[0,"35jXrElm1HlpOGZO+jPat3"]],[33,"",2,36,36,true,51,[0,"0eZKn4KY5Alr4vHuQ3HtHS"],[4,4278190080]],[33,"",2,36,36,true,52,[0,"76ZnILJw1IOqQbok0M8XuO"],[4,4278190080]]],0,[0,5,1,0,0,1,0,0,1,0,11,4,0,12,56,0,13,61,0,14,55,0,15,67,0,16,69,0,17,68,0,18,66,0,19,25,0,20,65,0,21,24,0,22,60,0,23,58,0,24,3,0,25,12,0,5,2,0,0,1,0,-1,18,0,-2,19,0,-3,5,0,-4,2,0,-5,8,0,-6,3,0,-7,4,0,0,2,0,0,2,0,-1,9,0,-2,20,0,-3,31,0,-4,32,0,-5,33,0,-6,34,0,-7,35,0,-8,36,0,-9,37,0,-10,38,0,-11,39,0,-12,40,0,-13,21,0,-14,22,0,-15,23,0,-16,45,0,-17,46,0,-18,47,0,-19,10,0,0,3,0,0,3,0,0,3,0,-1,24,0,-2,25,0,-3,17,0,-4,50,0,-5,51,0,-6,52,0,0,4,0,0,4,0,-1,14,0,-2,26,0,-3,15,0,-4,54,0,0,5,0,0,5,0,3,5,0,0,5,0,0,5,0,-1,27,0,0,6,0,0,6,0,6,57,0,3,6,0,0,6,0,-1,41,0,-2,42,0,0,7,0,0,7,0,6,59,0,3,7,0,0,7,0,-1,43,0,-2,44,0,0,8,0,0,8,0,-3,64,0,0,8,0,-1,11,0,-2,13,0,0,9,0,0,9,0,0,9,0,-1,28,0,-2,29,0,0,10,0,0,10,0,3,10,0,0,10,0,0,10,0,0,11,0,0,11,0,0,11,0,-4,63,0,-1,48,0,0,12,0,0,12,0,0,12,0,0,13,0,0,13,0,0,13,0,0,13,0,0,14,0,0,14,0,0,14,0,0,14,0,0,14,0,0,15,0,0,15,0,0,15,0,-1,53,0,-2,16,0,0,16,0,0,16,0,3,16,0,0,16,0,0,16,0,0,17,0,0,17,0,0,17,0,-1,49,0,0,18,0,0,18,0,0,18,0,0,19,0,0,19,0,0,19,0,0,20,0,0,20,0,-1,30,0,0,21,0,0,21,0,0,21,0,0,22,0,0,23,0,0,23,0,0,23,0,0,24,0,-2,65,0,0,25,0,-2,66,0,0,26,0,0,26,0,0,26,0,0,27,0,0,27,0,0,28,0,0,28,0,0,29,0,-2,55,0,0,30,0,-2,56,0,0,31,0,0,31,0,0,32,0,0,32,0,0,33,0,0,33,0,0,34,0,0,34,0,0,35,0,0,35,0,0,36,0,0,36,0,0,37,0,0,37,0,0,38,0,0,38,0,0,39,0,0,39,0,0,40,0,0,40,0,0,41,0,-2,57,0,0,42,0,-2,58,0,0,43,0,-2,59,0,0,44,0,-2,60,0,0,45,0,0,45,0,0,46,0,-2,61,0,0,47,0,0,47,0,0,48,0,-2,62,0,0,49,0,-2,67,0,0,50,0,0,50,0,0,51,0,-2,68,0,0,52,0,-2,69,0,0,53,0,0,53,0,0,54,0,0,54,0,26,1,6,4,22,7,4,22,12,4,13,63,27,64,209],[0,0,0,0,0,0,0,0,0,0,0,0,0,0,0,0,0,0,0,0,0,0,0,0,0,0,0,0,0,0,0,57,59,62,66,67],[1,1,1,1,1,1,1,1,1,1,1,1,1,1,1,1,7,8,9,10,1,1,1,1,1,7,8,9,10,1,28,1,1,1,1,1],[15,1,16,17,18,19,20,21,0,0,0,22,2,2,1,3,3,4,5,6,23,24,25,26,7,7,4,5,6,27,28,8,8,29,30,0]],[[{"name":"ui_ranking_bt_01","rect":{"x":0,"y":0,"width":482,"height":183},"offset":{"x":0,"y":0},"originalSize":{"width":482,"height":183},"rotated":false,"capInsets":[0,0,0,0],"vertices":{"rawPosition":[-241,-91.5,0,241,-91.5,0,-241,91.5,0,241,91.5,0],"indexes":[0,1,2,2,1,3],"uv":[0,183,482,183,0,0,482,0],"nuv":[0,0,1,0,0,1,1,1],"minPos":{"x":-241,"y":-91.5,"z":0},"maxPos":{"x":241,"y":91.5,"z":0}},"packable":true,"pixelsToUnit":100,"pivot":{"x":0.5,"y":0.5},"meshType":0}],[3],0,[0],[2],[31]],[[{"name":"ui_ranking_tb_help","rect":{"x":0,"y":0,"width":39,"height":39},"offset":{"x":0,"y":0},"originalSize":{"width":39,"height":39},"rotated":false,"capInsets":[0,0,0,0],"vertices":{"rawPosition":[-19.5,-19.5,0,19.5,-19.5,0,-19.5,19.5,0,19.5,19.5,0],"indexes":[0,1,2,2,1,3],"uv":[0,39,39,39,0,0,39,0],"nuv":[0,0,1,0,0,1,1,1],"minPos":{"x":-19.5,"y":-19.5,"z":0},"maxPos":{"x":19.5,"y":19.5,"z":0}},"packable":true,"pixelsToUnit":100,"pivot":{"x":0.5,"y":0.5},"meshType":0}],[3],0,[0],[2],[32]],[[{"name":"ui_ranking_button_01","rect":{"x":0,"y":0,"width":366,"height":110},"offset":{"x":0,"y":0},"originalSize":{"width":366,"height":110},"rotated":false,"capInsets":[0,0,0,0],"vertices":{"rawPosition":[-183,-55,0,183,-55,0,-183,55,0,183,55,0],"indexes":[0,1,2,2,1,3],"uv":[0,110,366,110,0,0,366,0],"nuv":[0,0,1,0,0,1,1,1],"minPos":{"x":-183,"y":-55,"z":0},"maxPos":{"x":183,"y":55,"z":0}},"packable":true,"pixelsToUnit":100,"pivot":{"x":0.5,"y":0.5},"meshType":0}],[3],0,[0],[2],[33]]]]
