[1,["9f5KALOdhP5bWbEp7Wq1uB@6c48a"],["_textureSource"],["cc.SpriteFrame"],0,[[[{"name":"ui_orangutan_attack_04","rect":{"x":750,"y":0,"width":250,"height":350},"offset":{"x":0,"y":0},"originalSize":{"width":250,"height":350},"rotated":false,"capInsets":[0,0,0,0],"vertices":{"rawPosition":[],"indexes":[],"uv":[],"nuv":[],"minPos":{"x":0,"y":0,"z":0},"maxPos":{"x":0,"y":0,"z":0}},"packable":true,"pixelsToUnit":100,"pivot":{"x":0.5,"y":0.5},"meshType":0}],[0],0,[0],[0],[0]],[[{"name":"ui_orangutan_attack_03","rect":{"x":500,"y":0,"width":250,"height":350},"offset":{"x":0,"y":0},"originalSize":{"width":250,"height":350},"rotated":false,"capInsets":[0,0,0,0],"vertices":{"rawPosition":[],"indexes":[],"uv":[],"nuv":[],"minPos":{"x":0,"y":0,"z":0},"maxPos":{"x":0,"y":0,"z":0}},"packable":true,"pixelsToUnit":100,"pivot":{"x":0.5,"y":0.5},"meshType":0}],[0],0,[0],[0],[0]],[[{"name":"ui_orangutan_attack_02","rect":{"x":250,"y":0,"width":250,"height":350},"offset":{"x":0,"y":0},"originalSize":{"width":250,"height":350},"rotated":false,"capInsets":[0,0,0,0],"vertices":{"rawPosition":[],"indexes":[],"uv":[],"nuv":[],"minPos":{"x":0,"y":0,"z":0},"maxPos":{"x":0,"y":0,"z":0}},"packable":true,"pixelsToUnit":100,"pivot":{"x":0.5,"y":0.5},"meshType":0}],[0],0,[0],[0],[0]],[[{"name":"ui_orangutan_attack_01","rect":{"x":0,"y":0,"width":250,"height":350},"offset":{"x":0,"y":0},"originalSize":{"width":250,"height":350},"rotated":false,"capInsets":[0,0,0,0],"vertices":{"rawPosition":[],"indexes":[],"uv":[],"nuv":[],"minPos":{"x":0,"y":0,"z":0},"maxPos":{"x":0,"y":0,"z":0}},"packable":true,"pixelsToUnit":100,"pivot":{"x":0.5,"y":0.5},"meshType":0}],[0],0,[0],[0],[0]]]]
