[1,["a5+bEMr2ZHV4diAUvXFHjx@6c48a"],["_textureSource"],["cc.SpriteFrame"],0,[{"name":"ui_ranking_bt_01","rect":{"x":0,"y":0,"width":482,"height":183},"offset":{"x":0,"y":0},"originalSize":{"width":482,"height":183},"rotated":false,"capInsets":[0,0,0,0],"vertices":{"rawPosition":[-241,-91.5,0,241,-91.5,0,-241,91.5,0,241,91.5,0],"indexes":[0,1,2,2,1,3],"uv":[0,183,482,183,0,0,482,0],"nuv":[0,0,1,0,0,1,1,1],"minPos":{"x":-241,"y":-91.5,"z":0},"maxPos":{"x":241,"y":91.5,"z":0}},"packable":true,"pixelsToUnit":100,"pivot":{"x":0.5,"y":0.5},"meshType":0}],[0],0,[0],[0],[0]]
