[1,["d4DePut/FHB7VVoLw8Wn36@6c48a"],["_textureSource"],["cc.SpriteFrame"],0,[{"name":"run","rect":{"x":55,"y":76,"width":418,"height":161},"offset":{"x":14,"y":-31.5},"originalSize":{"width":500,"height":250},"rotated":false,"capInsets":[0,0,0,0],"vertices":{"rawPosition":[-209,-80.5,0,209,-80.5,0,-209,80.5,0,209,80.5,0],"indexes":[0,1,2,2,1,3],"uv":[55,174,473,174,55,13,473,13],"nuv":[0.11,0.052,0.946,0.052,0.11,0.696,0.946,0.696],"minPos":{"x":-209,"y":-80.5,"z":0},"maxPos":{"x":209,"y":80.5,"z":0}},"packable":true,"pixelsToUnit":100,"pivot":{"x":0.5,"y":0.5},"meshType":0}],[0],0,[0],[0],[0]]
