[1,["ddDhZUPapGiIUXvSyff6TG@f9941","ddDhZUPapGiIUXvSyff6TG@6c48a"],["spriteFrame","_textureSource"],["cc.SpriteFrame",["cc.BitmapFont",["_name","fontSize","fntConfig"],0]],[[1,0,1,2,4]],[[[[0,"font_blue",54,{"commonHeight":53,"fontSize":54,"atlasName":"font_blue.png","fontDefDictionary":{"43":{"xOffset":0,"yOffset":0,"xAdvance":1,"rect":{"x":253,"y":0,"width":1,"height":1}},"45":{"xOffset":0,"yOffset":0,"xAdvance":1,"rect":{"x":254,"y":0,"width":1,"height":1}},"48":{"xOffset":0,"yOffset":0,"xAdvance":18,"rect":{"x":133,"y":0,"width":24,"height":45}},"49":{"xOffset":0,"yOffset":0,"xAdvance":12,"rect":{"x":45,"y":45,"width":18,"height":45}},"50":{"xOffset":0,"yOffset":0,"xAdvance":19,"rect":{"x":83,"y":0,"width":25,"height":45}},"51":{"xOffset":0,"yOffset":0,"xAdvance":18,"rect":{"x":157,"y":0,"width":24,"height":45}},"52":{"xOffset":0,"yOffset":0,"xAdvance":19,"rect":{"x":108,"y":0,"width":25,"height":45}},"53":{"xOffset":0,"yOffset":0,"xAdvance":17,"rect":{"x":0,"y":45,"width":23,"height":45}},"54":{"xOffset":0,"yOffset":0,"xAdvance":18,"rect":{"x":181,"y":0,"width":24,"height":45}},"55":{"xOffset":0,"yOffset":0,"xAdvance":16,"rect":{"x":23,"y":45,"width":22,"height":45}},"56":{"xOffset":0,"yOffset":0,"xAdvance":18,"rect":{"x":205,"y":0,"width":24,"height":45}},"57":{"xOffset":0,"yOffset":0,"xAdvance":18,"rect":{"x":229,"y":0,"width":24,"height":45}},"103":{"xOffset":0,"yOffset":0,"xAdvance":62,"rect":{"x":0,"y":0,"width":83,"height":45}},"119":{"xOffset":0,"yOffset":0,"xAdvance":1,"rect":{"x":255,"y":0,"width":1,"height":1}}},"kerningDict":{}}]],0,0,[0],[0],[0]],[[{"name":"font_blue","rect":{"x":0,"y":0,"width":256,"height":84},"offset":{"x":0,"y":86},"originalSize":{"width":256,"height":256},"rotated":false,"capInsets":[0,0,0,0],"vertices":{"rawPosition":[-128,-42,0,128,-42,0,-128,42,0,128,42,0],"indexes":[0,1,2,2,1,3],"uv":[0,256,256,256,0,172,256,172],"nuv":[0,0.671875,1,0.671875,0,1,1,1],"minPos":{"x":-128,"y":-42,"z":0},"maxPos":{"x":128,"y":42,"z":0}},"packable":true,"pixelsToUnit":100,"pivot":{"x":0.5,"y":0.5},"meshType":0}],[0],0,[0],[1],[1]]]]
