[1,["125e3220c@6c48a"],["_textureSource"],["cc.SpriteFrame","cc.SpriteAtlas"],0,[[[{"name":"loading","rect":{"x":3,"y":487,"width":138,"height":138},"offset":{"x":0,"y":0},"originalSize":{"width":138,"height":138},"rotated":false,"capInsets":[0,0,0,0],"packable":true,"pixelsToUnit":100,"pivot":{"x":0.5,"y":0.5},"meshType":0}],[0],0,[0],[0],[0]],[[{"name":"btn_ok","rect":{"x":147,"y":487,"width":117,"height":53},"offset":{"x":0,"y":0},"originalSize":{"width":117,"height":53},"rotated":false,"capInsets":[0,0,0,0],"packable":true,"pixelsToUnit":100,"pivot":{"x":0.5,"y":0.5},"meshType":0}],[0],0,[0],[0],[0]],[[{"name":"auto-atlas","spriteFrames":["bg_window","f9z7ypnzVN2oklZONObpgC@f9941","toast","efWLV11b1La6wFY2TpD/j8@f9941","loading","06lCogBHRDhZqFKTNm0kc+@f9941","btn_ok","56oL/DaG1OhbsmX1poVa4G@f9941"]}],[1],0,[],[],[]],[[{"name":"toast","rect":{"x":329,"y":3,"width":539,"height":90},"offset":{"x":0,"y":0},"originalSize":{"width":539,"height":90},"rotated":true,"capInsets":[0,0,0,0],"packable":true,"pixelsToUnit":100,"pivot":{"x":0.5,"y":0.5},"meshType":0}],[0],0,[0],[0],[0]],[[{"name":"bg_window","rect":{"x":3,"y":3,"width":478,"height":320},"offset":{"x":0,"y":0},"originalSize":{"width":478,"height":320},"rotated":true,"capInsets":[0,0,0,0],"packable":true,"pixelsToUnit":100,"pivot":{"x":0.5,"y":0.5},"meshType":0}],[0],0,[0],[0],[0]]]]
