[1,["a2ABhWJPVKx5MJEgejIQzY@6c48a"],["_textureSource"],["cc.SpriteFrame"],0,[{"name":"panel_loading_bottom_frame","rect":{"x":0,"y":0,"width":567,"height":65},"offset":{"x":0,"y":0},"originalSize":{"width":567,"height":65},"rotated":false,"capInsets":[0,0,0,0],"vertices":{"rawPosition":[-283.5,-32.5,0,283.5,-32.5,0,-283.5,32.5,0,283.5,32.5,0],"indexes":[0,1,2,2,1,3],"uv":[0,65,567,65,0,0,567,0],"nuv":[0,0,1,0,0,1,1,1],"minPos":{"x":-283.5,"y":-32.5,"z":0},"maxPos":{"x":283.5,"y":32.5,"z":0}},"packable":true,"pixelsToUnit":100,"pivot":{"x":0.5,"y":0.5},"meshType":0}],[0],0,[0],[0],[0]]
