[1,["a2GWDxWyxGKpBl9faInQ8p@6c48a"],["_textureSource"],["cc.SpriteFrame"],0,[{"name":"ui_ranking_ljt_01","rect":{"x":0,"y":0,"width":718,"height":196},"offset":{"x":0,"y":0},"originalSize":{"width":718,"height":196},"rotated":false,"capInsets":[0,0,0,0],"vertices":{"rawPosition":[-359,-98,0,359,-98,0,-359,98,0,359,98,0],"indexes":[0,1,2,2,1,3],"uv":[0,196,718,196,0,0,718,0],"nuv":[0,0,1,0,0,1,1,1],"minPos":{"x":-359,"y":-98,"z":0},"maxPos":{"x":359,"y":98,"z":0}},"packable":true,"pixelsToUnit":100,"pivot":{"x":0.5,"y":0.5},"meshType":0}],[0],0,[0],[0],[0]]
