[1,["9f5KALOdhP5bWbEp7Wq1uB@6c48a"],["_textureSource"],["cc.SpriteFrame"],0,[{"name":"attack","rect":{"x":53,"y":28,"width":933,"height":213},"offset":{"x":19.5,"y":40.5},"originalSize":{"width":1000,"height":350},"rotated":false,"capInsets":[0,0,0,0],"vertices":{"rawPosition":[-466.5,-106.5,0,466.5,-106.5,0,-466.5,106.5,0,466.5,106.5,0],"indexes":[0,1,2,2,1,3],"uv":[53,322,986,322,53,109,986,109],"nuv":[0.053,0.31142857142857144,0.986,0.31142857142857144,0.053,0.92,0.986,0.92],"minPos":{"x":-466.5,"y":-106.5,"z":0},"maxPos":{"x":466.5,"y":106.5,"z":0}},"packable":true,"pixelsToUnit":100,"pivot":{"x":0.5,"y":0.5},"meshType":0}],[0],0,[0],[0],[0]]
