[1,["e4JW5NRHdDNpmLxb/4bN0I@f9941","e4JW5NRHdDNpmLxb/4bN0I@6c48a"],["spriteFrame","_textureSource"],["cc.SpriteFrame",["cc.BitmapFont",["_name","fontSize","fntConfig"],0]],[[1,0,1,2,4]],[[[[0,"font_black",32,{"commonHeight":32,"fontSize":32,"atlasName":"font_black.png","fontDefDictionary":{"48":{"xOffset":0,"yOffset":0,"xAdvance":28,"rect":{"x":93,"y":41,"width":28,"height":40}},"49":{"xOffset":0,"yOffset":0,"xAdvance":28,"rect":{"x":0,"y":82,"width":28,"height":40}},"50":{"xOffset":0,"yOffset":0,"xAdvance":25,"rect":{"x":29,"y":82,"width":25,"height":40}},"51":{"xOffset":0,"yOffset":0,"xAdvance":30,"rect":{"x":0,"y":0,"width":30,"height":40}},"52":{"xOffset":0,"yOffset":0,"xAdvance":30,"rect":{"x":31,"y":0,"width":30,"height":40}},"53":{"xOffset":0,"yOffset":0,"xAdvance":30,"rect":{"x":62,"y":0,"width":30,"height":40}},"54":{"xOffset":0,"yOffset":0,"xAdvance":30,"rect":{"x":93,"y":0,"width":30,"height":40}},"55":{"xOffset":0,"yOffset":0,"xAdvance":30,"rect":{"x":0,"y":41,"width":30,"height":40}},"56":{"xOffset":0,"yOffset":0,"xAdvance":30,"rect":{"x":31,"y":41,"width":30,"height":40}},"57":{"xOffset":0,"yOffset":0,"xAdvance":30,"rect":{"x":62,"y":41,"width":30,"height":40}}},"kerningDict":{}}]],0,0,[0],[0],[0]],[[{"name":"font_black","rect":{"x":0,"y":2,"width":121,"height":117},"offset":{"x":-3.5,"y":3.5},"originalSize":{"width":128,"height":128},"rotated":false,"capInsets":[0,0,0,0],"vertices":{"rawPosition":[-60.5,-58.5,0,60.5,-58.5,0,-60.5,58.5,0,60.5,58.5,0],"indexes":[0,1,2,2,1,3],"uv":[0,126,121,126,0,9,121,9],"nuv":[0,0.0703125,0.9453125,0.0703125,0,0.984375,0.9453125,0.984375],"minPos":{"x":-60.5,"y":-58.5,"z":0},"maxPos":{"x":60.5,"y":58.5,"z":0}},"packable":true,"pixelsToUnit":100,"pivot":{"x":0.5,"y":0.5},"meshType":0}],[0],0,[0],[1],[1]]]]
