[1,["b1Xa8JvINFDJ+dxheg+kaK@6c48a"],["_textureSource"],["cc.SpriteFrame"],0,[{"name":"ui_ranking_bg_02","rect":{"x":0,"y":0,"width":750,"height":766},"offset":{"x":0,"y":0},"originalSize":{"width":750,"height":766},"rotated":false,"capInsets":[0,0,0,0],"vertices":{"rawPosition":[-375,-383,0,375,-383,0,-375,383,0,375,383,0],"indexes":[0,1,2,2,1,3],"uv":[0,766,750,766,0,0,750,0],"nuv":[0,0,1,0,0,1,1,1],"minPos":{"x":-375,"y":-383,"z":0},"maxPos":{"x":375,"y":383,"z":0}},"packable":true,"pixelsToUnit":100,"pivot":{"x":0.5,"y":0.5},"meshType":0}],[0],0,[0],[0],[0]]
