[1,["13hAICwyZMHKC6d4RGcX1k@6c48a","13hAICwyZMHKC6d4RGcX1k@f9941"],["_textureSource","spriteFrame"],["cc.SpriteFrame",["cc.BitmapFont",["_name","fontSize","fntConfig"],0]],[[1,0,1,2,4]],[[[{"name":"font_green","rect":{"x":0,"y":0,"width":128,"height":52},"offset":{"x":0,"y":38},"originalSize":{"width":128,"height":128},"rotated":false,"capInsets":[0,0,0,0],"vertices":{"rawPosition":[-64,-26,0,64,-26,0,-64,26,0,64,26,0],"indexes":[0,1,2,2,1,3],"uv":[0,128,128,128,0,76,128,76],"nuv":[0,0.59375,1,0.59375,0,1,1,1],"minPos":{"x":-64,"y":-26,"z":0},"maxPos":{"x":64,"y":26,"z":0}},"packable":true,"pixelsToUnit":100,"pivot":{"x":0.5,"y":0.5},"meshType":0}],[0],0,[0],[0],[0]],[[[0,"font_green",54,{"commonHeight":53,"fontSize":54,"atlasName":"font_green.png","fontDefDictionary":{"43":{"xOffset":0,"yOffset":0,"xAdvance":17,"rect":{"x":0,"y":26,"width":18,"height":26}},"45":{"xOffset":0,"yOffset":0,"xAdvance":9,"rect":{"x":70,"y":26,"width":12,"height":26}},"48":{"xOffset":0,"yOffset":0,"xAdvance":16,"rect":{"x":0,"y":0,"width":19,"height":26}},"49":{"xOffset":0,"yOffset":0,"xAdvance":11,"rect":{"x":114,"y":0,"width":14,"height":26}},"50":{"xOffset":0,"yOffset":0,"xAdvance":16,"rect":{"x":19,"y":0,"width":19,"height":26}},"51":{"xOffset":0,"yOffset":0,"xAdvance":15,"rect":{"x":18,"y":26,"width":18,"height":26}},"52":{"xOffset":0,"yOffset":0,"xAdvance":16,"rect":{"x":38,"y":0,"width":19,"height":26}},"53":{"xOffset":0,"yOffset":0,"xAdvance":15,"rect":{"x":36,"y":26,"width":18,"height":26}},"54":{"xOffset":0,"yOffset":0,"xAdvance":16,"rect":{"x":57,"y":0,"width":19,"height":26}},"55":{"xOffset":0,"yOffset":0,"xAdvance":12,"rect":{"x":54,"y":26,"width":16,"height":26}},"56":{"xOffset":0,"yOffset":0,"xAdvance":16,"rect":{"x":76,"y":0,"width":19,"height":26}},"57":{"xOffset":0,"yOffset":0,"xAdvance":16,"rect":{"x":95,"y":0,"width":19,"height":26}}},"kerningDict":{}}]],0,0,[0],[1],[1]]]]
