[1,["99WaDVyZRHSqYiTdChKqcn@6c48a"],["_textureSource"],["cc.SpriteFrame"],0,[{"name":"down","rect":{"x":34,"y":83,"width":429,"height":184},"offset":{"x":-1.5,"y":25},"originalSize":{"width":500,"height":400},"rotated":false,"capInsets":[0,0,0,0],"vertices":{"rawPosition":[-214.5,-92,0,214.5,-92,0,-214.5,92,0,214.5,92,0],"indexes":[0,1,2,2,1,3],"uv":[34,317,463,317,34,133,463,133],"nuv":[0.068,0.3325,0.926,0.3325,0.068,0.7925,0.926,0.7925],"minPos":{"x":-214.5,"y":-92,"z":0},"maxPos":{"x":214.5,"y":92,"z":0}},"packable":true,"pixelsToUnit":100,"pivot":{"x":0.5,"y":0.5},"meshType":0}],[0],0,[0],[0],[0]]
