[1,["c4KNVfSMFMCobwcGu2GD9s@f9941","c4KNVfSMFMCobwcGu2GD9s@6c48a"],["spriteFrame","_textureSource"],["cc.SpriteFrame",["cc.BitmapFont",["_name","fontSize","fntConfig"],0]],[[1,0,1,2,4]],[[[[0,"font_bright_yellow",54,{"commonHeight":53,"fontSize":54,"atlasName":"font_bright_yellow.png","fontDefDictionary":{"43":{"xOffset":0,"yOffset":0,"xAdvance":14,"rect":{"x":19,"y":26,"width":18,"height":26}},"45":{"xOffset":0,"yOffset":0,"xAdvance":8,"rect":{"x":103,"y":26,"width":12,"height":26}},"48":{"xOffset":0,"yOffset":0,"xAdvance":15,"rect":{"x":22,"y":0,"width":19,"height":26}},"49":{"xOffset":0,"yOffset":0,"xAdvance":10,"rect":{"x":89,"y":26,"width":14,"height":26}},"50":{"xOffset":0,"yOffset":0,"xAdvance":15,"rect":{"x":41,"y":0,"width":19,"height":26}},"51":{"xOffset":0,"yOffset":0,"xAdvance":14,"rect":{"x":37,"y":26,"width":18,"height":26}},"52":{"xOffset":0,"yOffset":0,"xAdvance":15,"rect":{"x":60,"y":0,"width":19,"height":26}},"53":{"xOffset":0,"yOffset":0,"xAdvance":14,"rect":{"x":55,"y":26,"width":18,"height":26}},"54":{"xOffset":0,"yOffset":0,"xAdvance":15,"rect":{"x":79,"y":0,"width":19,"height":26}},"55":{"xOffset":0,"yOffset":0,"xAdvance":12,"rect":{"x":73,"y":26,"width":16,"height":26}},"56":{"xOffset":0,"yOffset":0,"xAdvance":15,"rect":{"x":98,"y":0,"width":19,"height":26}},"57":{"xOffset":0,"yOffset":0,"xAdvance":15,"rect":{"x":0,"y":26,"width":19,"height":26}},"110":{"xOffset":0,"yOffset":0,"xAdvance":18,"rect":{"x":0,"y":0,"width":22,"height":26}}},"kerningDict":{}}]],0,0,[0],[0],[0]],[[{"name":"font_bright_yellow","rect":{"x":0,"y":0,"width":117,"height":52},"offset":{"x":-5.5,"y":38},"originalSize":{"width":128,"height":128},"rotated":false,"capInsets":[0,0,0,0],"vertices":{"rawPosition":[-58.5,-26,0,58.5,-26,0,-58.5,26,0,58.5,26,0],"indexes":[0,1,2,2,1,3],"uv":[0,128,117,128,0,76,117,76],"nuv":[0,0.59375,0.9140625,0.59375,0,1,0.9140625,1],"minPos":{"x":-58.5,"y":-26,"z":0},"maxPos":{"x":58.5,"y":26,"z":0}},"packable":true,"pixelsToUnit":100,"pivot":{"x":0.5,"y":0.5},"meshType":0}],[0],0,[0],[1],[1]]]]
