[1,["84tsVc5Z9E8pXcRGCpdtYm","45t0m8DSNJU6ldzS68x81O@6c48a","5fB8afAodG1p6Wu0ZDUXz+@6c48a","45t0m8DSNJU6ldzS68x81O@f9941","5fB8afAodG1p6Wu0ZDUXz+@f9941"],["node","_textureSource","_spriteFrame","root","animation","lab_content","data","_defaultClip"],["cc.SpriteFrame",["cc.Node",["_name","_layer","_components","_prefab","_children","_parent","_lpos"],1,12,4,2,1,5],["cc.Prefab",["_name"],2],["cc.Node",["_name","_layer","_parent","_components","_prefab","_lpos"],1,1,9,4,5],["cc.UITransform",["node","__prefab","_contentSize"],3,1,4,5],["cc.CompPrefabInfo",["fileId"],2],["cc.Sprite",["node","__prefab","_spriteFrame"],3,1,4,6],["4f2265nMQJEWZiQdDj7zm5o",["node","__prefab","lab_content","animation"],3,1,4,1,1],["cc.PrefabInfo",["fileId","instance","targetOverrides","nestedPrefabInstanceRoots","root","asset"],-1,1,1],["110c8vEd5NEPL/N9meGQnaX",["_dataID","node","__prefab"],2,1,4],["cc.Label",["_string","_horizontalAlign","_actualFontSize","_fontSize","_overflow","_isItalic","_isBold","_cacheMode","node","__prefab"],-5,1,4],["cc.Animation",["playOnLoad","node","__prefab","_clips"],2,1,4,3]],[[5,0,2],[4,0,1,2,1],[8,0,1,2,3,4,5,5],[6,0,1,2,1],[2,0,2],[1,0,1,4,2,3,3],[1,0,1,5,2,3,6,3],[3,0,1,2,3,4,5,3],[7,0,1,2,3,1],[9,0,1,2,2],[10,0,1,2,3,4,5,6,7,8,9,9],[11,0,1,2,3,2]],[[[{"name":"ui_battleroyale_boss_02","rect":{"x":0,"y":0,"width":79,"height":73},"offset":{"x":0,"y":0},"originalSize":{"width":79,"height":73},"rotated":false,"capInsets":[0,0,0,0],"vertices":{"rawPosition":[-39.5,-36.5,0,39.5,-36.5,0,-39.5,36.5,0,39.5,36.5,0],"indexes":[0,1,2,2,1,3],"uv":[0,73,79,73,0,0,79,0],"nuv":[0,0,1,0,0,1,1,1],"minPos":{"x":-39.5,"y":-36.5,"z":0},"maxPos":{"x":39.5,"y":36.5,"z":0}},"packable":true,"pixelsToUnit":100,"pivot":{"x":0.5,"y":0.5},"meshType":0}],[0],0,[0],[1],[1]],[[{"name":"ui_battleroyale_boss_01","rect":{"x":0,"y":0,"width":626,"height":150},"offset":{"x":0,"y":0},"originalSize":{"width":626,"height":150},"rotated":false,"capInsets":[0,0,0,0],"vertices":{"rawPosition":[-313,-75,0,313,-75,0,-313,75,0,313,75,0],"indexes":[0,1,2,2,1,3],"uv":[0,150,626,150,0,0,626,0],"nuv":[0,0,1,0,0,1,1,1],"minPos":{"x":-313,"y":-75,"z":0},"maxPos":{"x":313,"y":75,"z":0}},"packable":true,"pixelsToUnit":100,"pivot":{"x":0.5,"y":0.5},"meshType":0}],[0],0,[0],[1],[2]],[[[4,"Warning"],[5,"Warning",33554432,[-8,-9],[[[1,-2,[0,"51DJ7yv09KnoNkqSbMfoJS"],[5,626,150]],[3,-3,[0,"23CbWnuJdPJYsCIbhHA6dc"],1],-4,[8,-7,[0,"44T+s1J1ZNJLJaCwkq9duJ"],-6,-5]],4,4,1,4],[2,"4fj6jVgO1KzKob1u6D65Ik",null,null,null,-1,0]],[6,"lab_content",33554432,1,[[[1,-10,[0,"99X9v0jUlJNZIh0XrXacci"],[5,400,100]],-11,[9,"warning_killer",-12,[0,"83d8hC41dI4awr4NW+asAo"]]],4,1,4],[2,"ddsPDrtFpNTpbV/TewBYOo",null,null,null,1,0],[1,98.245,0,0]],[7,"ui_battleroyale_boss_02",33554432,1,[[1,-13,[0,"28zg368sFDbZ/T9hBUxf1q"],[5,79,73]],[3,-14,[0,"24g+uxt01LeLI7xj4m/ihF"],0]],[2,"daMTQQMfNGjJsDLuWypfpo",null,null,null,1,0],[1,-177.903,0,0]],[10,"恶猿即将出现",0,60,60,1,true,true,1,2,[0,"16EtbFHdZJE6XKV6ws1G8+"]],[11,true,1,[0,"49S2DJCTxMnLx+UXQk11q0"],[2]]],0,[0,3,1,0,0,1,0,0,1,0,-3,5,0,4,5,0,5,4,0,0,1,0,-1,3,0,-2,2,0,0,2,0,-2,4,0,0,2,0,0,3,0,0,3,0,6,1,14],[0,0,0,5],[2,2,-1,7],[3,4,0,0]]]]
