[1,["a0f99P3g5DfIy44nENifa/@f9941","20bFgZ7dxHR6XK8AZQK5ra@6c48a","2dLsp7q3JHZL45PtPg0f3i@6c48a","2dLsp7q3JHZL45PtPg0f3i@f9941","20bFgZ7dxHR6XK8AZQK5ra@f9941"],["node","_spriteFrame","_textureSource","root","winNode","failNode","data"],[["cc.Node",["_name","_layer","_components","_prefab","_parent","_children","_lscale","_lpos"],1,9,4,1,2,5,5],"cc.SpriteFrame",["cc.UITransform",["node","__prefab","_contentSize"],3,1,4,5],["cc.Sprite",["_sizeMode","node","__prefab","_spriteFrame"],2,1,4,6],["cc.Label",["_string","_actualFontSize","_fontSize","_horizontalAlign","node","__prefab"],-1,1,4],["cc.Prefab",["_name"],2],["cc.CompPrefabInfo",["fileId"],2],["f1531qNWidGmIXSKpcisjmO",["node","__prefab","failNode","winNode"],3,1,4,1,1],["cc.PrefabInfo",["fileId","instance","targetOverrides","nestedPrefabInstanceRoots","root","asset"],-1,1,1],["545c05XsG9GDJispEGWKvYv",["watchPath","node","__prefab"],2,1,4]],[[6,0,2],[8,0,1,2,3,4,5,5],[2,0,1,2,1],[0,0,1,4,2,3,7,3],[0,0,1,4,2,3,6,3],[2,0,1,1],[3,1,2,3,1],[3,0,1,2,3,2],[4,0,3,1,2,4,5,5],[4,0,1,2,4,5,4],[9,0,1,2,2],[5,0,2],[0,0,1,5,2,3,3],[0,0,1,4,5,2,3,3],[0,0,1,4,2,3,3],[7,0,1,2,3,1]],[[[{"name":"bg_guess_fail","rect":{"x":0,"y":3,"width":825,"height":639},"offset":{"x":-3,"y":-1.5},"originalSize":{"width":831,"height":642},"rotated":false,"capInsets":[0,0,0,0],"vertices":{"rawPosition":[-412.5,-319.5,0,412.5,-319.5,0,-412.5,319.5,0,412.5,319.5,0],"indexes":[0,1,2,2,1,3],"uv":[0,639,825,639,0,0,825,0],"nuv":[0,0,0.9927797833935018,0,0,0.9953271028037384,0.9927797833935018,0.9953271028037384],"minPos":{"x":-412.5,"y":-319.5,"z":0},"maxPos":{"x":412.5,"y":319.5,"z":0}},"packable":true,"pixelsToUnit":100,"pivot":{"x":0.5,"y":0.5},"meshType":0}],[1],0,[0],[2],[1]],[[{"name":"bg_guess_success","rect":{"x":0,"y":16,"width":825,"height":626},"offset":{"x":-3,"y":-8},"originalSize":{"width":831,"height":642},"rotated":false,"capInsets":[0,0,0,0],"vertices":{"rawPosition":[-412.5,-313,0,412.5,-313,0,-412.5,313,0,412.5,313,0],"indexes":[0,1,2,2,1,3],"uv":[0,626,825,626,0,0,825,0],"nuv":[0,0,0.9927797833935018,0,0,0.9750778816199377,0.9927797833935018,0.9750778816199377],"minPos":{"x":-412.5,"y":-313,"z":0},"maxPos":{"x":412.5,"y":313,"z":0}},"packable":true,"pixelsToUnit":100,"pivot":{"x":0.5,"y":0.5},"meshType":0}],[1],0,[0],[2],[2]],[[[11,"Result1"],[12,"Result1",33554432,[-6,-7],[[2,-2,[0,"6b6C3k/G5ARJ7+lm6emqzI"],[5,720,72]],[15,-5,[0,"db+ZvDG3lDHLZL3/etQkfz"],-4,-3]],[1,"c46/YsCPVOJYA4mWEpNYRx",null,null,null,-1,0]],[13,"TaskPartNode",33554432,1,[-9,-10,-11,-12,-13,-14,-15,-16],[[5,-8,[0,"237tPTD/FJE4c+vmVH5fYL"]]],[1,"2bqwIflWZIK68eCTiI96Xw",null,null,null,1,0]],[4,"bg_guess_success",33554432,2,[[2,-17,[0,"3aOOu5411FKaxirOFtVJkD"],[5,825,626]],[6,-18,[0,"51Kb281fNIRKQ12KTDmkHj"],0]],[1,"253/WDiyRDU5/jmwIq2aXE",null,null,null,1,0],[1,0.7,0.7,1]],[4,"bg_guess_fail",33554432,2,[[2,-19,[0,"70E0BoBUZD4KKycCBT7Xxo"],[5,825,639]],[6,-20,[0,"20HIxBVstMJr3LOSwHLKKM"],1]],[1,"23CwN2+DRA/ptUmoCwO0qQ",null,null,null,1,0],[1,0.7,0.7,1]],[3,"Label-PutInto",33554432,2,[[2,-21,[0,"39WcncEK1DRaahCYYUYVXO"],[5,40,50.4]],[8,"投入",0,20,20,-22,[0,"33WT089MBM0JjqrysoRmN5"]],[10,"*.putInCount",-23,[0,"eagV4GXWJAmqFbaki/conn"]]],[1,"4cOsszaZ9IsLjtZNsE3mgy",null,null,null,1,0],[1,-130.467,-172.168,0]],[3,"Label-Won",33554432,2,[[2,-24,[0,"1e2TgpHl1O2qCAW3OHwB/r"],[5,40,50.4]],[8,"获得",0,20,20,-25,[0,"02ZThWel5LbK0CXGtsPuAA"]],[10,"*.winCount",-26,[0,"51iArk8edDSrtxXYohs45M"]]],[1,"d3glFU1GFARJXqVHu0GytW",null,null,null,1,0],[1,180.58799999999997,-172.168,0]],[3,"Label",33554432,2,[[2,-27,[0,"2efhxwD+9JjLRGK30UhMbm"],[5,40,50.4]],[9,"投入",20,20,-28,[0,"3davTUtRBA5bFWPuLt9+69"]]],[1,"1bOHpJP3NB+bGuWYKGjmZ/",null,null,null,1,0],[1,-223.768,-172.168,0]],[3,"ic_black_medal",33554432,2,[[2,-29,[0,"53XlwoIkBBc7U90P8ZvHyf"],[5,45,45]],[7,0,-30,[0,"55B2q5fENBF5BmgpnJXcQG"],2]],[1,"6ee+GJlqNHOIuNvW+OwRUn",null,null,null,1,0],[1,-176.218,-172.168,0]],[3,"Label-001",33554432,2,[[2,-31,[0,"acFCAtzeJOwo0MpjcGhuGe"],[5,40,50.4]],[9,"获得",20,20,-32,[0,"44xOiBTwJB0Yq5gqZefVVa"]]],[1,"2b+IuVbWJIAob0MZE2c7/K",null,null,null,1,0],[1,85.41700000000003,-172.168,0]],[3,"ic_black_medal-001",33554432,2,[[2,-33,[0,"c1TVK1nrdKKZd3xgFgLMXT"],[5,45,45]],[7,0,-34,[0,"e8q+1fH51A/JQfrwoMqixl"],3]],[1,"8cHG1Y50RKoaw+DibUYZvr",null,null,null,1,0],[1,133.92899999999997,-172.168,0]],[14,"ClickNode",33554432,1,[[5,-35,[0,"cacddiq9ZCuogC96OW8Y7E"]]],[1,"07TmNpNn1CGoGm/in3Tz04",null,null,null,1,0]]],0,[0,3,1,0,0,1,0,4,3,0,5,4,0,0,1,0,-1,11,0,-2,2,0,0,2,0,-1,3,0,-2,4,0,-3,7,0,-4,8,0,-5,5,0,-6,9,0,-7,10,0,-8,6,0,0,3,0,0,3,0,0,4,0,0,4,0,0,5,0,0,5,0,0,5,0,0,6,0,0,6,0,0,6,0,0,7,0,0,7,0,0,8,0,0,8,0,0,9,0,0,9,0,0,10,0,0,10,0,0,11,0,6,1,35],[0,0,0,0],[1,1,1,1],[3,4,0,0]]]]
