[1,["588D25xLNJXItTeSQUrQz1@6c48a"],["_textureSource"],["cc.SpriteFrame"],0,[{"name":"ui_battleroyale_door_03","rect":{"x":0,"y":0,"width":67,"height":36},"offset":{"x":0,"y":0},"originalSize":{"width":67,"height":36},"rotated":false,"capInsets":[0,0,0,0],"vertices":{"rawPosition":[-33.5,-18,0,33.5,-18,0,-33.5,18,0,33.5,18,0],"indexes":[0,1,2,2,1,3],"uv":[0,36,67,36,0,0,67,0],"nuv":[0,0,1,0,0,1,1,1],"minPos":{"x":-33.5,"y":-18,"z":0},"maxPos":{"x":33.5,"y":18,"z":0}},"packable":true,"pixelsToUnit":100,"pivot":{"x":0.5,"y":0.5},"meshType":0}],[0],0,[0],[0],[0]]
