[1,0,0,[["cc.JsonAsset",["_name","json"],1]],[[0,0,1,3]],[[0,"Language",{"room_1":{"zh":"1","en":"room_1"},"room_2":{"zh":"2","en":"room_2"},"room_3":{"zh":"3","en":"room_3"},"room_4":{"zh":"4","en":"room_4"},"room_5":{"zh":"5","en":"room_5"},"room_6":{"zh":"6","en":"room_6"},"room_7":{"zh":"7","en":"room_7"},"room_8":{"zh":"8","en":"room_8"},"room_9":{"zh":"8","en":"room_9"},"GameTitle":{"zh":"大逃杀","en":"DTS"},"warning_killer":{"zh":"恶猿即将出现","en":"KIller"},"CoinShortage":{"zh":"金币不足","en":"Coin shortage"},"betFinish":{"zh":"下注成功","en":"betFinish"},"cantMove":{"zh":"当前状态不能移动","en":"can not move"},"connetWalletTips":{"zh":"正在连接钱包，请确认...","en":"connetWalletTips"},"failConectWallet":{"zh":"连接钱包失败","en":"failConectWallet"},"selectRoomTIps":{"zh":"请先选择房间","en":"selectRoomTIps"},"payFail":{"zh":"支付未成功","en":"payFail"},"needConnectWallet":{"zh":"游客模式，请连接钱包","en":"needConnectWallet"},"notStarted":{"zh":"游戏未开始","en":"notStarted"},"chooseRoom":{"zh":"尽快选择房间躲避","en":"chooseRoom"},"killerWay":{"zh":"恶猿来袭途中！","en":"killerWay"},"killerCome":{"zh":"恶猿来袭","en":"killerCome"}}]],0,0,[],[],[]]
