[1,["e2UKKlykVASYl80/dvimyZ@6c48a"],["_textureSource"],["cc.SpriteFrame"],0,[{"name":"ui_ranking_dk_10","rect":{"x":0,"y":0,"width":124,"height":59},"offset":{"x":0,"y":0},"originalSize":{"width":124,"height":59},"rotated":false,"capInsets":[0,0,0,0],"vertices":{"rawPosition":[-62,-29.5,0,62,-29.5,0,-62,29.5,0,62,29.5,0],"indexes":[0,1,2,2,1,3],"uv":[0,59,124,59,0,0,124,0],"nuv":[0,0,1,0,0,1,1,1],"minPos":{"x":-62,"y":-29.5,"z":0},"maxPos":{"x":62,"y":29.5,"z":0}},"packable":true,"pixelsToUnit":100,"pivot":{"x":0.5,"y":0.5},"meshType":0}],[0],0,[0],[0],[0]]
