[1,["a3FrVs8XZNV5cteJvBA2yN@6c48a"],["_textureSource"],["cc.SpriteFrame"],0,[{"name":"ui_dataosha_image_01","rect":{"x":0,"y":0,"width":117,"height":37},"offset":{"x":0,"y":0},"originalSize":{"width":117,"height":37},"rotated":false,"capInsets":[22,10,24,11],"vertices":{"rawPosition":[-58.5,-18.5,0,58.5,-18.5,0,-58.5,18.5,0,58.5,18.5,0],"indexes":[0,1,2,2,1,3],"uv":[0,37,117,37,0,0,117,0],"nuv":[0,0,1,0,0,1,1,1],"minPos":{"x":-58.5,"y":-18.5,"z":0},"maxPos":{"x":58.5,"y":18.5,"z":0}},"packable":true,"pixelsToUnit":100,"pivot":{"x":0.5,"y":0.5},"meshType":0}],[0],0,[0],[0],[0]]
