[1,["57UgcWSMhKGYrPQcn4d3+w@f9941","06lCogBHRDhZqFKTNm0kc+@f9941","57UgcWSMhKGYrPQcn4d3+w@6c48a"],["node","_spriteFrame","root","loading","data","_textureSource"],[["cc.Node",["_name","_layer","_active","_components","_prefab","_parent","_children"],0,9,4,1,2],["cc.Widget",["_alignFlags","_originalWidth","_originalHeight","_name","node","__prefab"],-1,1,4],["cc.Sprite",["_sizeMode","_type","_name","node","__prefab","_spriteFrame","_color"],0,1,4,6,5],"cc.SpriteFrame",["cc.Prefab",["_name"],2],["cc.UITransform",["node","__prefab","_contentSize"],3,1,4,5],["cc.CompPrefabInfo",["fileId"],2],["95143M/82NCOLKGzw14JlmS",["node","__prefab","loading"],3,1,4,1],["cc.PrefabInfo",["fileId","instance","targetOverrides","nestedPrefabInstanceRoots","root","asset"],-1,1,1],["cc.Label",["_actualFontSize","_fontSize","node","__prefab"],1,1,4],["545c05XsG9GDJispEGWKvYv",["node","__prefab"],3,1,4]],[[6,0,2],[5,0,1,2,1],[8,0,1,2,3,4,5,5],[0,0,1,5,3,4,3],[4,0,2],[0,0,6,3,4,2],[0,0,2,5,3,4,3],[1,0,1,2,4,5,4],[1,3,0,1,2,4,5,5],[7,0,1,2,1],[2,1,0,3,4,6,5,3],[2,2,0,3,4,5,3],[9,0,1,2,3,3],[10,0,1,1]],[[[[4,"wait"],[5,"wait",[-6,-7,-8],[[1,-2,[0,"77N2cid5pKDpXplRH/AWEU"],[5,750,1667]],[7,45,2,2,-3,[0,"63zNQq8NlBQ5QWzOJ4Kgjs"]],[9,-5,[0,"5f/x4X/oJE6ZkuMdoq+sX3"],-4]],[2,"a0daVw8DRLi6ToMaTA0VS2",null,null,null,-1,0]],[3,"bg",33554432,1,[[1,-9,[0,"fbb9ezFuVDaKU7Tqqncexy"],[5,750,1667]],[10,1,0,-10,[0,"1dTEwstYVMdL5jWZ5yFCIZ"],[4,1006632960],0],[8,"loading<Widget>",45,2,2,-11,[0,"a5eUOPMadAdp+Jl5/FXe3j"]]],[2,"c5KGHiK9REY4bg8g3FbCdj",null,null,null,1,0]],[3,"loading",33554432,1,[[1,-12,[0,"daXOgzkhFPR5dIT+JDB+2t"],[5,138,138]],[11,"loading<Sprite>",0,-13,[0,"3efK3xmdVFf4X3ErJtErAe"],1]],[2,"b4DOS8ivZJwbuvCM8qdysu",null,null,null,1,0]],[6,"Label",false,1,[[1,-14,[0,"3cLMT9gJNEA46oF9tTG93C"],[5,42.255859375,50.4]],[12,20,20,-15,[0,"4esUIUYXxDd6Ynyl4VaHWv"]],[13,-16,[0,"25YeHdpTxPQIh7YfPmYt3L"]]],[2,"9dp7xjvXBJiL5b2UmuGbeJ",null,null,null,1,0]]],0,[0,2,1,0,0,1,0,0,1,0,3,3,0,0,1,0,-1,2,0,-2,3,0,-3,4,0,0,2,0,0,2,0,0,2,0,0,3,0,0,3,0,0,4,0,0,4,0,0,4,0,4,1,16],[0,0],[1,1],[0,1]],[[{"name":"default_sprite","rect":{"x":0,"y":2,"width":40,"height":36},"offset":{"x":0,"y":0},"originalSize":{"width":40,"height":40},"rotated":false,"capInsets":[0,0,0,0],"vertices":{"rawPosition":[-20,-18,0,20,-18,0,-20,18,0,20,18,0],"indexes":[0,1,2,2,1,3],"uv":[0,38,40,38,0,2,40,2],"nuv":[0,0.05,1,0.05,0,0.95,1,0.95],"minPos":{"x":-20,"y":-18,"z":0},"maxPos":{"x":20,"y":18,"z":0}},"packable":true,"pixelsToUnit":100,"pivot":{"x":0.5,"y":0.5},"meshType":0}],[3],0,[0],[5],[2]]]]
