[1,["80nO4txStP8rie5nhCtQNb@6c48a"],["_textureSource"],["cc.SpriteFrame"],0,[[[{"name":"ui_orangutan_cage_broken_03","rect":{"x":500,"y":0,"width":250,"height":400},"offset":{"x":0,"y":0},"originalSize":{"width":250,"height":400},"rotated":false,"capInsets":[0,0,0,0],"vertices":{"rawPosition":[],"indexes":[],"uv":[],"nuv":[],"minPos":{"x":0,"y":0,"z":0},"maxPos":{"x":0,"y":0,"z":0}},"packable":true,"pixelsToUnit":100,"pivot":{"x":0.5,"y":0.5},"meshType":0}],[0],0,[0],[0],[0]],[[{"name":"ui_orangutan_cage_broken_08","rect":{"x":1750,"y":0,"width":250,"height":400},"offset":{"x":0,"y":0},"originalSize":{"width":250,"height":400},"rotated":false,"capInsets":[0,0,0,0],"vertices":{"rawPosition":[],"indexes":[],"uv":[],"nuv":[],"minPos":{"x":0,"y":0,"z":0},"maxPos":{"x":0,"y":0,"z":0}},"packable":true,"pixelsToUnit":100,"pivot":{"x":0.5,"y":0.5},"meshType":0}],[0],0,[0],[0],[0]],[[{"name":"ui_orangutan_cage_broken_06","rect":{"x":1250,"y":0,"width":250,"height":400},"offset":{"x":0,"y":0},"originalSize":{"width":250,"height":400},"rotated":false,"capInsets":[0,0,0,0],"vertices":{"rawPosition":[],"indexes":[],"uv":[],"nuv":[],"minPos":{"x":0,"y":0,"z":0},"maxPos":{"x":0,"y":0,"z":0}},"packable":true,"pixelsToUnit":100,"pivot":{"x":0.5,"y":0.5},"meshType":0}],[0],0,[0],[0],[0]],[[{"name":"ui_orangutan_cage_broken_01","rect":{"x":0,"y":0,"width":250,"height":400},"offset":{"x":0,"y":0},"originalSize":{"width":250,"height":400},"rotated":false,"capInsets":[0,0,0,0],"vertices":{"rawPosition":[],"indexes":[],"uv":[],"nuv":[],"minPos":{"x":0,"y":0,"z":0},"maxPos":{"x":0,"y":0,"z":0}},"packable":true,"pixelsToUnit":100,"pivot":{"x":0.5,"y":0.5},"meshType":0}],[0],0,[0],[0],[0]],[[{"name":"ui_orangutan_cage_broken_07","rect":{"x":1500,"y":0,"width":250,"height":400},"offset":{"x":0,"y":0},"originalSize":{"width":250,"height":400},"rotated":false,"capInsets":[0,0,0,0],"vertices":{"rawPosition":[],"indexes":[],"uv":[],"nuv":[],"minPos":{"x":0,"y":0,"z":0},"maxPos":{"x":0,"y":0,"z":0}},"packable":true,"pixelsToUnit":100,"pivot":{"x":0.5,"y":0.5},"meshType":0}],[0],0,[0],[0],[0]],[[{"name":"ui_orangutan_cage_broken_05","rect":{"x":1000,"y":0,"width":250,"height":400},"offset":{"x":0,"y":0},"originalSize":{"width":250,"height":400},"rotated":false,"capInsets":[0,0,0,0],"vertices":{"rawPosition":[],"indexes":[],"uv":[],"nuv":[],"minPos":{"x":0,"y":0,"z":0},"maxPos":{"x":0,"y":0,"z":0}},"packable":true,"pixelsToUnit":100,"pivot":{"x":0.5,"y":0.5},"meshType":0}],[0],0,[0],[0],[0]],[[{"name":"ui_orangutan_cage_broken_04","rect":{"x":750,"y":0,"width":250,"height":400},"offset":{"x":0,"y":0},"originalSize":{"width":250,"height":400},"rotated":false,"capInsets":[0,0,0,0],"vertices":{"rawPosition":[],"indexes":[],"uv":[],"nuv":[],"minPos":{"x":0,"y":0,"z":0},"maxPos":{"x":0,"y":0,"z":0}},"packable":true,"pixelsToUnit":100,"pivot":{"x":0.5,"y":0.5},"meshType":0}],[0],0,[0],[0],[0]],[[{"name":"ui_orangutan_cage_broken_02","rect":{"x":250,"y":0,"width":250,"height":400},"offset":{"x":0,"y":0},"originalSize":{"width":250,"height":400},"rotated":false,"capInsets":[0,0,0,0],"vertices":{"rawPosition":[],"indexes":[],"uv":[],"nuv":[],"minPos":{"x":0,"y":0,"z":0},"maxPos":{"x":0,"y":0,"z":0}},"packable":true,"pixelsToUnit":100,"pivot":{"x":0.5,"y":0.5},"meshType":0}],[0],0,[0],[0],[0]]]]
