[1,["54YFRAUbtC+5yKdqxF2d7p@6c48a"],["_textureSource"],["cc.SpriteFrame"],0,[{"name":"ui_ranking_dk_09","rect":{"x":0,"y":0,"width":144,"height":80},"offset":{"x":0,"y":0},"originalSize":{"width":144,"height":80},"rotated":false,"capInsets":[0,0,0,0],"vertices":{"rawPosition":[-72,-40,0,72,-40,0,-72,40,0,72,40,0],"indexes":[0,1,2,2,1,3],"uv":[0,80,144,80,0,0,144,0],"nuv":[0,0,1,0,0,1,1,1],"minPos":{"x":-72,"y":-40,"z":0},"maxPos":{"x":72,"y":40,"z":0}},"packable":true,"pixelsToUnit":100,"pivot":{"x":0.5,"y":0.5},"meshType":0}],[0],0,[0],[0],[0]]
