[1,["2cTGhJIOdNAJ0c1ks8z9k0@6c48a"],["_textureSource"],["cc.SpriteFrame"],0,[{"name":"ui_ranking_dk_10","rect":{"x":0,"y":0,"width":124,"height":63},"offset":{"x":0,"y":0},"originalSize":{"width":124,"height":63},"rotated":false,"capInsets":[0,0,0,0],"vertices":{"rawPosition":[-62,-31.5,0,62,-31.5,0,-62,31.5,0,62,31.5,0],"indexes":[0,1,2,2,1,3],"uv":[0,63,124,63,0,0,124,0],"nuv":[0,0,1,0,0,1,1,1],"minPos":{"x":-62,"y":-31.5,"z":0},"maxPos":{"x":62,"y":31.5,"z":0}},"packable":true,"pixelsToUnit":100,"pivot":{"x":0.5,"y":0.5},"meshType":0}],[0],0,[0],[0],[0]]
