[1,["80nO4txStP8rie5nhCtQNb@6c48a"],["_textureSource"],["cc.SpriteFrame"],0,[{"name":"split","rect":{"x":34,"y":69,"width":1966,"height":227},"offset":{"x":17,"y":17.5},"originalSize":{"width":2000,"height":400},"rotated":false,"capInsets":[0,0,0,0],"vertices":{"rawPosition":[-983,-113.5,0,983,-113.5,0,-983,113.5,0,983,113.5,0],"indexes":[0,1,2,2,1,3],"uv":[34,331,2000,331,34,104,2000,104],"nuv":[0.017,0.26,1,0.26,0.017,0.8275,1,0.8275],"minPos":{"x":-983,"y":-113.5,"z":0},"maxPos":{"x":983,"y":113.5,"z":0}},"packable":true,"pixelsToUnit":100,"pivot":{"x":0.5,"y":0.5},"meshType":0}],[0],0,[0],[0],[0]]
