[1,["aboIWTAYdPQrfbha9b+YPJ@f9941","91jRVDFcZK4LN75G9LboyB@f9941","b77MGpZuJCwp3SUveslQKH@f9941","91jRVDFcZK4LN75G9LboyB@6c48a","aboIWTAYdPQrfbha9b+YPJ@6c48a","b77MGpZuJCwp3SUveslQKH@6c48a"],["node","_spriteFrame","_textureSource","root","playerWinLabel","playerPutintoLabel","playerNameLabel","rankLabel","rankLabelNode","head","icon","iconNode","data"],["cc.SpriteFrame",["cc.Node",["_name","_components","_prefab","_children","_parent","_lpos"],2,9,4,2,1,5],["cc.Widget",["_alignFlags","_left","_originalWidth","_right","node","__prefab"],-1,1,4],["cc.Sprite",["_sizeMode","node","__prefab","_spriteFrame"],2,1,4,6],["cc.Label",["_actualFontSize","_fontSize","_string","_isBold","_horizontalAlign","_overflow","_lineHeight","_enableWrapText","node","__prefab","_color"],-5,1,4,5],["cc.Node",["_name","_parent","_components","_prefab","_lpos"],2,1,12,4,5],["cc.UITransform",["node","__prefab","_contentSize","_anchorPoint"],3,1,4,5,5],["cc.Prefab",["_name"],2],["cc.CompPrefabInfo",["fileId"],2],["f6ca4XqX+1HXr7+DMMXO4cp",["node","__prefab","iconNode","icon","head","rankLabelNode","rankLabel","playerNameLabel","playerPutintoLabel","playerWinLabel"],3,1,4,1,1,1,1,1,1,1,1],["cc.PrefabInfo",["fileId","instance","targetOverrides","nestedPrefabInstanceRoots","root","asset"],-1,1,1],["cc.Mask",["node","__prefab"],3,1,4],["cc.Graphics",["node","__prefab","_fillColor"],3,1,4,5]],[[8,0,2],[10,0,1,2,3,4,5,5],[5,0,1,2,3,4,2],[6,0,1,2,1],[6,0,1,2,3,1],[2,0,1,4,5,3],[4,4,0,1,5,3,8,9,10,6],[7,0,2],[1,0,3,1,2,2],[1,0,4,3,1,2,5,2],[1,0,4,1,2,2],[5,0,1,2,3,2],[9,0,1,2,3,4,5,6,7,8,9,1],[2,0,1,3,2,4,5,5],[2,0,2,4,5,3],[11,0,1,1],[12,0,1,2,1],[3,0,1,2,3,2],[3,1,2,1],[3,0,1,2,2],[4,2,0,1,6,3,8,9,10,6],[4,2,4,0,1,5,7,8,9,7]],[[[[7,"RankItem"],[8,"RankItem",[-13,-14,-15,-16,-17,-18,-19],[[4,-2,[0,"bfbZo/Q39IhbyjZC7LwJgo"],[5,729.3,150],[0,0.5,1]],[12,-11,[0,"78R8Om7+hHnIbIzIbQn4BF"],-10,-9,-8,-7,-6,-5,-4,-3],[13,40,10.350000000000023,10.350000000000023,729.3,-12,[0,"29jq77sT1LgJrXf77Tm8JY"]]],[1,"c46/YsCPVOJYA4mWEpNYRx",null,null,null,-1,0]],[9,"headMask",1,[-24],[[3,-20,[0,"5be2pdKF5N9pgu9qKUU+gw"],[5,80,80]],[15,-21,[0,"6ecRsEy7lE/qI9CcZUawqx"]],[16,-22,[0,"50RKWeIqRAy7TloBH0r47J"],[4,16777215]],[5,8,153.8559999999999,-23,[0,"cc75K9lfxPsbwFXYVlmAIK"]]],[1,"90ktZ6CV1BzLeEAXjzv7yI",null,null,null,1,0],[1,-170.79400000000007,-75,0]],[2,"icon",1,[[[3,-25,[0,"1eXheDQpVKWYBX7zpElJ9V"],[5,71,59]],-26,[5,8,31.673999999999978,-27,[0,"68DisoSHlHmqtGs3JMuX/h"]]],4,1,4],[1,"e2oApz/PRMsJ36MH77tbTc",null,null,null,1,0],[1,-297.476,-75,0]],[2,"rankLabel",1,[[[3,-28,[0,"b0ZW7kYHxGpbo1vTnWHobX"],[5,21.990234375,56.7]],-29,[5,8,56.17888281249998,-30,[0,"89JpT7iQ5Nn6rLZPlyt4xI"]]],4,1,4],[1,"0dwMLRVOFFLIVpLBhZba1j",null,null,null,1,0],[1,-297.476,-75,0]],[10,"ui_ranking_dk_04",1,[[4,-31,[0,"aajg9/9R9Oq777QCeHUPao"],[5,729.3,150],[0,0.5,1]],[17,0,-32,[0,"c32SnK/eBMHJGN7BaRhTu3"],0],[14,40,700,-33,[0,"6c5fIZJRNLNpF3Y8jbNYJi"]]],[1,"14tNe1ul5OmIN1WnwEIz9R",null,null,null,1,0]],[2,"playerNameLabel",1,[[[4,-34,[0,"1e54Di30xNFaUxClqzIqJO"],[5,200,50.39999999999999],[0,0,0.5]],-35,[5,8,241.38199999999992,-36,[0,"9exKvJnp1DzqjWFcCAbJ5c"]]],4,1,4],[1,"c2PC7e789IAIHLmsEAgZBf",null,null,null,1,0],[1,-123.26800000000006,-75,0]],[11,"head",2,[[[3,-37,[0,"c8npYzpuBBvJjNA8F+bpZ1"],[5,120,120]],-38],4,1],[1,"40GeA/RqBChL/FhBWYZSAD",null,null,null,1,0]],[2,"playerPutintoLabel",1,[[[4,-39,[0,"18/bQk73tISZRUHMFAfd8v"],[5,120.437109,50.4],[0,1,0.5]],-40],4,1],[1,"b0xScntXRDIYvQ1nZPdcQL",null,null,null,1,0],[1,345.417,-75,0]],[2,"playerWinLabel",1,[[[3,-41,[0,"d1i9vJfKdEwoeVTS2YM2V1"],[5,121.637109,50.4]],-42],4,1],[1,"0bEYnFNXJNR56DEoGCjSWZ",null,null,null,1,0],[1,152.941,-75,0]],[18,3,[0,"c6GU6meflH/qUeXvFHadmw"]],[20,"q",36,36,45,true,4,[0,"b2fSPXVOZE97oqaJVZ7ffb"],[4,4283578660]],[19,0,7,[0,"e9E6echgNE+oKDsmQQO+jK"]],[21,"0x3384C97c8C515eb523323",0,15,30,2,false,6,[0,"c0qKlGOnZMrZbwHpvWd+DT"]],[6,2,37,36,2,true,8,[0,"02lIo8/PpFCoCbaPgiauPC"],[4,4278190080]],[6,2,37,36,2,true,9,[0,"04BAkJEOdJSpu1LGZzMVFr"],[4,4278190080]]],0,[0,3,1,0,0,1,0,4,15,0,5,14,0,6,13,0,7,11,0,8,4,0,9,12,0,10,10,0,11,3,0,0,1,0,0,1,0,-1,5,0,-2,3,0,-3,4,0,-4,2,0,-5,6,0,-6,8,0,-7,9,0,0,2,0,0,2,0,0,2,0,0,2,0,-1,7,0,0,3,0,-2,10,0,0,3,0,0,4,0,-2,11,0,0,4,0,0,5,0,0,5,0,0,5,0,0,6,0,-2,13,0,0,6,0,0,7,0,-2,12,0,0,8,0,-2,14,0,0,9,0,-2,15,0,12,1,42],[0,10,12],[1,1,1],[0,1,2]],[[{"name":"ui_ranking_tb_01","rect":{"x":0,"y":0,"width":71,"height":59},"offset":{"x":0,"y":0},"originalSize":{"width":71,"height":59},"rotated":false,"capInsets":[0,0,0,0],"vertices":{"rawPosition":[-35.5,-29.5,0,35.5,-29.5,0,-35.5,29.5,0,35.5,29.5,0],"indexes":[0,1,2,2,1,3],"uv":[0,59,71,59,0,0,71,0],"nuv":[0,0,1,0,0,1,1,1],"minPos":{"x":-35.5,"y":-29.5,"z":0},"maxPos":{"x":35.5,"y":29.5,"z":0}},"packable":true,"pixelsToUnit":100,"pivot":{"x":0.5,"y":0.5},"meshType":0}],[0],0,[0],[2],[3]],[[{"name":"ui_ranking_dk_04","rect":{"x":0,"y":0,"width":675,"height":127},"offset":{"x":0,"y":0},"originalSize":{"width":675,"height":127},"rotated":false,"capInsets":[310,21,310,21],"vertices":{"rawPosition":[-337.5,-63.5,0,337.5,-63.5,0,-337.5,63.5,0,337.5,63.5,0],"indexes":[0,1,2,2,1,3],"uv":[0,127,675,127,0,0,675,0],"nuv":[0,0,1,0,0,1,1,1],"minPos":{"x":-337.5,"y":-63.5,"z":0},"maxPos":{"x":337.5,"y":63.5,"z":0}},"packable":true,"pixelsToUnit":100,"pivot":{"x":0.5,"y":0.5},"meshType":0}],[0],0,[0],[2],[4]],[[{"name":"1","rect":{"x":34,"y":11,"width":144,"height":174},"offset":{"x":6,"y":2},"originalSize":{"width":200,"height":200},"rotated":false,"capInsets":[0,0,0,0],"vertices":{"rawPosition":[-72,-87,0,72,-87,0,-72,87,0,72,87,0],"indexes":[0,1,2,2,1,3],"uv":[34,189,178,189,34,15,178,15],"nuv":[0.17,0.075,0.89,0.075,0.17,0.945,0.89,0.945],"minPos":{"x":-72,"y":-87,"z":0},"maxPos":{"x":72,"y":87,"z":0}},"packable":true,"pixelsToUnit":100,"pivot":{"x":0.5,"y":0.5},"meshType":0}],[0],0,[0],[2],[5]]]]
