[1,["a0f99P3g5DfIy44nENifa/@f9941","20g1ukYUVPvKWKBRznAKo+@f9941","4cZRC55MZBHqDSHeFzUzVj@f9941","295vlOwLNI+JxEJT9TElPz@f9941","2ax090Z7dC/pBNIXjUxlPY","21y0iEhe5NvJmPqmklk28a@f9941","3dImZSzBVNkKXxqW0HJQ79@f9941","ceU1T3Jn9GNLS7ga8h2TX5@f9941","54TknWPwVPqJqeCR+Y/Czo@f9941","95EkngnxZFbYuFpsqVTaFr@f9941","ecuqqmaXNEy5KeLOnDxh83","aehi7U4c5JW4s250WvJWAl","cfeF9sE99PwKBtRWaKRGuY","72773PqUxNIZT/iHJZQnxe","95Bc2iRtZJGL90vAOGI/jK","cc1eo712dJe750/BSVrCof@f9941","21y0iEhe5NvJmPqmklk28a@6c48a","3dImZSzBVNkKXxqW0HJQ79@6c48a","3esAVw80hHZpEJMsNAxSic@6c48a","8abOxe83xH9YWeLOM0QYJm@f9941","76LTkQfx1ORp1SFkc5dlCc@f9941","59GFVsG6ZFPYxMeWA2Ov6O@f9941","b4XEhrhoFFVbd3UIjjjvFd@f9941","2cqt40lGtHxZuwfAR5ck3p@f9941","cfg/YBMv1MNLUeabeBdTs0@f9941","05YK0LEQ1J5baIOoSytTlC@f9941","3esAVw80hHZpEJMsNAxSic@f9941","6bsBJnhs1IOrhU3oO3oSM8@f9941","28FoR2ir5J26oWuO7GpLlV@f9941","c4Qw/tZeVIR7FupbEZWyKY@f9941","59GFVsG6ZFPYxMeWA2Ov6O@6c48a","76LTkQfx1ORp1SFkc5dlCc@6c48a","8abOxe83xH9YWeLOM0QYJm@6c48a","b4XEhrhoFFVbd3UIjjjvFd@6c48a","ceU1T3Jn9GNLS7ga8h2TX5@6c48a"],["node","_spriteFrame","_target","_defaultClip","_textureSource","_checkMark","_parent","_normalSprite","_hoverSprite","_pressedSprite","_disabledSprite","root","pathRoot","AmountMenu","data"],[["cc.Node",["_name","_layer","_active","_objFlags","_components","_prefab","_parent","_lpos","_children","_lscale"],-1,9,4,1,5,2,5],["cc.Label",["_string","_actualFontSize","_overflow","_fontSize","_enableWrapText","_cacheMode","_outlineWidth","_horizontalAlign","_isBold","_enabled","_enableOutline","_isItalic","node","__prefab","_color","_outlineColor"],-9,1,4,5,5],"cc.SpriteFrame",["cc.Sprite",["_sizeMode","_type","_enabled","node","__prefab","_spriteFrame","_color"],0,1,4,6,5],["cc.Widget",["_alignFlags","_originalWidth","_originalHeight","_enabled","_top","_isAbsBottom","_left","_bottom","node","__prefab"],-5,1,4],["cc.Node",["_name","_layer","_active","_components","_prefab","_parent","_lpos","_children"],0,12,4,1,5,2],["cc.Button",["_enabled","_transition","node","__prefab","_normalColor","_target","clickEvents","_normalSprite","_hoverSprite","_pressedSprite","_disabledSprite"],1,1,4,5,1,9,6,6,6,6],["cc.UITransform",["node","__prefab","_contentSize","_anchorPoint"],3,1,4,5,5],["d34bfQt8TBB2amIbNOwQxBZ",["__prefab","node"],3,4,1],["cc.ClickEvent",["_componentId","handler","customEventData","target"],0,1],["cc.LabelOutline",["_enabled","node","__prefab"],2,1,4],["RoomPath",["id","roomPoint","monkeyPoint"],2,1,2],["cc.Prefab",["_name"],2],["cc.CompPrefabInfo",["fileId"],2],["b0b9b9Bic9HWL7uVRvZ9Xjk",["node","__prefab","AmountMenu","pathRoot"],3,1,4,1,1],["cc.PrefabInfo",["fileId","instance","targetOverrides","nestedPrefabInstanceRoots","root","asset"],-1,1,1],["cc.ToggleContainer",["_allowSwitchOff","node","__prefab"],2,1,4],["cc.Toggle",["_isChecked","node","__prefab","_normalColor","_target","checkEvents","_checkMark"],2,1,4,5,1,9,1],["cc.BlockInputEvents",["node","__prefab"],3,1,4],["cc.Layout",["_resizeMode","_layoutType","_spacingY","_isAlign","node","__prefab"],-1,1,4],["cc.Animation",["node","__prefab","_clips","_defaultClip"],3,1,4,3,6],["cc.Animation",["node","__prefab","_clips","_defaultClip"],3,1,4,12,6],["66139iAjahJ2Kl76pF3ycTT",["node","__prefab"],3,1,4],["cc.LabelShadow",["_enabled","node","__prefab"],2,1,4],["545c05XsG9GDJispEGWKvYv",["watchPath","node","__prefab"],2,1,4],["cc.RichText",["_cacheMode","node","__prefab"],2,1,4],["110c8vEd5NEPL/N9meGQnaX",["_dataID","node","__prefab"],2,1,4],["cc6d4RLlrVP2Zz1g/sC2/sM",["node","__prefab","monkeyPoint","playerPoint","RoomPaths"],3,1,4,1,1,9]],[[13,0,2],[15,0,1,2,3,4,5,5],[7,0,1,2,1],[0,0,1,6,8,4,5,7,3],[7,0,1,1],[5,0,1,5,3,4,6,3],[0,0,1,6,4,5,7,3],[8,1,0,1],[3,1,0,3,4,5,3],[3,3,4,5,1],[0,0,1,6,4,5,3],[9,0,1,2,3,4],[24,0,1,2,2],[0,0,3,1,6,4,5,7,4],[3,1,0,3,4,3],[3,0,3,4,5,2],[26,0,1,2,2],[3,2,0,3,4,5,3],[17,0,1,2,3,4,5,6,2],[20,0,1,2,3,1],[22,0,1,1],[1,0,7,1,3,2,4,12,13,14,7],[5,0,2,1,5,3,4,4],[4,0,5,1,2,8,9,5],[11,0,1,2,2],[7,0,1,2,3,1],[9,0,1,3,3],[6,2,3,6,4,5,1],[1,0,1,3,12,13,14,4],[8,0,1],[1,0,1,3,2,4,12,13,14,6],[0,0,1,8,4,5,3],[0,0,1,6,8,4,5,3],[4,0,1,2,8,9,4],[1,0,1,3,5,12,13,14,5],[10,0,1,2,2],[0,0,2,1,6,4,5,4],[3,2,1,0,3,4,5,4],[3,1,0,3,4,6,5,3],[6,0,1,2,3,4,5,7,8,9,10,3],[6,1,2,3,6,4,5,2],[1,0,7,1,3,2,4,6,12,13,15,8],[12,0,2],[0,0,1,8,4,5,7,3],[0,0,2,1,6,8,4,5,7,4],[0,0,2,1,6,4,5,7,4],[0,0,1,4,5,3],[0,0,3,2,1,6,4,5,7,5],[0,0,1,6,4,5,7,9,3],[5,0,1,7,3,4,3],[5,0,2,1,5,3,4,6,4],[4,3,0,1,8,9,4],[4,3,0,6,8,9,4],[4,0,4,1,2,8,9,5],[4,0,4,7,5,1,2,8,9,7],[4,0,1,8,9,3],[14,0,1,2,3,1],[16,0,1,2,2],[3,2,1,3,4,5,3],[6,0,2,3,6,4,5,7,8,9,10,2],[18,0,1,1],[19,0,1,2,3,4,5,5],[21,0,1,2,3,1],[1,0,1,2,4,8,5,6,12,13,14,8],[1,9,0,1,2,4,10,6,12,13,14,8],[1,0,1,3,2,5,12,13,6],[1,0,1,3,2,4,6,12,13,15,7],[1,0,7,1,3,2,4,11,8,5,12,13,14,10],[23,0,1,2,2],[10,1,2,1],[25,0,1,2,2],[27,0,1,2,3,4,1],[11,1,2,1]],[[[{"name":"ui_battleroyale_door_02","rect":{"x":0,"y":0,"width":50,"height":36},"offset":{"x":0,"y":0},"originalSize":{"width":50,"height":36},"rotated":false,"capInsets":[0,0,0,0],"vertices":{"rawPosition":[-25,-18,0,25,-18,0,-25,18,0,25,18,0],"indexes":[0,1,2,2,1,3],"uv":[0,36,50,36,0,0,50,0],"nuv":[0,0,1,0,0,1,1,1],"minPos":{"x":-25,"y":-18,"z":0},"maxPos":{"x":25,"y":18,"z":0}},"packable":true,"pixelsToUnit":100,"pivot":{"x":0.5,"y":0.5},"meshType":0}],[2],0,[0],[4],[16]],[[{"name":"ui_battleroyale_door_02_1","rect":{"x":0,"y":0,"width":48,"height":36},"offset":{"x":0,"y":0},"originalSize":{"width":48,"height":36},"rotated":false,"capInsets":[0,0,0,0],"vertices":{"rawPosition":[-24,-18,0,24,-18,0,-24,18,0,24,18,0],"indexes":[0,1,2,2,1,3],"uv":[0,36,48,36,0,0,48,0],"nuv":[0,0,1,0,0,1,1,1],"minPos":{"x":-24,"y":-18,"z":0},"maxPos":{"x":24,"y":18,"z":0}},"packable":true,"pixelsToUnit":100,"pivot":{"x":0.5,"y":0.5},"meshType":0}],[2],0,[0],[4],[17]],[[{"name":"ui_monkey_button_01","rect":{"x":0,"y":0,"width":397,"height":112},"offset":{"x":0,"y":0},"originalSize":{"width":397,"height":112},"rotated":false,"capInsets":[0,0,0,0],"vertices":{"rawPosition":[-198.5,-56,0,198.5,-56,0,-198.5,56,0,198.5,56,0],"indexes":[0,1,2,2,1,3],"uv":[0,112,397,112,0,0,397,0],"nuv":[0,0,1,0,0,1,1,1],"minPos":{"x":-198.5,"y":-56,"z":0},"maxPos":{"x":198.5,"y":56,"z":0}},"packable":true,"pixelsToUnit":100,"pivot":{"x":0.5,"y":0.5},"meshType":0}],[2],0,[0],[4],[18]],[[[42,"UIMain-002"],[31,"UIMain-002",33554432,[-7,-8],[[2,-2,[0,"50vEuB/09GXa++wEGuLkGi"],[5,750,1334]],[33,45,100,100,-3,[0,"4cxdT2sptG4qD3+YTTi8PJ"]],[56,-6,[0,"e4WG1akUJO9Y/Xb+CCymEv"],-5,-4]],[1,"c46/YsCPVOJYA4mWEpNYRx",null,null,null,-1,0]],[49,"PathsRoot",33554432,[-11,-12,-13,-14,-15,-16,-17,-18,-19,-20,-21,-22,-23,-24,-25,-26,-27,-28,-29,-30,-31,-32,-33,-34,-35,-36,-37,-38],[[[4,-9,[0,"4cKfuBqAdPercF1ovJzF9L"]],-10],4,1],[1,"4d6tcHejxPqL2zOLms/9iQ",null,null,null,1,0]],[31,"ToggleGroup",33554432,[-40,-41,-42,-43,-44,-45,-46,-47],[[57,true,-39,[0,"3daDUopoFFFKTlakIJayOA"]]],[1,"ebRfaBO2dGwbCVoPRWl3JW",null,null,null,1,0]],[43,"Botom",33554432,[-50,-51,-52,-53,-54,-55,-56],[[2,-48,[0,"b0jAJ16eRLA6drjecqjgXs"],[5,750.0000000000001,160]],[51,false,44,750,-49,[0,"dawSlBXZxD2bhLKBf8UT+z"]]],[1,"74uQw9RyRHk43EMRIs/Ytg",null,null,null,1,0],[1,0,-753.5,0]],[29,[0,"d4sXqFmthPwoI3T3zdDcj6"]],[29,[0,"11fhxFOW9Bj6ji8+cWmrSL"]],[3,"Toggle_room1",33554432,3,[-62,-63,-64,-65],[[2,-57,[0,"5fLk2V4npDMb6xicG0e2h8"],[5,273,246]],[17,false,0,-58,[0,"a6VZFFo5lI/J9XvncDy5Dd"],9],[18,false,-61,[0,"8dtOlVIJVHYo6K5E1Ej66l"],[4,4292269782],-60,[[11,"b0b9b9Bic9HWL7uVRvZ9Xjk","checkToggleEvent","1",1]],-59]],[1,"389gTg5mVCdbII3MFZwoFC",null,null,null,1,0],[1,-231.217,313.172,0]],[3,"Toggle_room2",33554432,3,[-71,-72,-73,-74],[[2,-66,[0,"beodYtsJRCXpchKYwCfVov"],[5,202.4,195.1]],[17,false,0,-67,[0,"03zs6E0/BG+Y1Aw6RDA1Sv"],16],[18,false,-70,[0,"545wl99dBK27DATSx7/pPv"],[4,4292269782],-69,[[11,"b0b9b9Bic9HWL7uVRvZ9Xjk","checkToggleEvent","2",1]],-68]],[1,"efEqucM05Eerqd1zukfCRz",null,null,null,1,0],[1,15.018,267.421,0]],[3,"Toggle_room3",33554432,3,[-80,-81,-82,-83],[[2,-75,[0,"97+WtVRHpOU4PzrO6oEY7L"],[5,241.9,202.2]],[17,false,0,-76,[0,"10Qf2y3BlBgImnTd1EaPkl"],23],[18,false,-79,[0,"84JUcls4pLoYqqLTpvhdpy"],[4,4292269782],-78,[[11,"b0b9b9Bic9HWL7uVRvZ9Xjk","checkToggleEvent","3",1]],-77]],[1,"f89iVof9pMZKv4267jqN7f",null,null,null,1,0],[1,247.021,299.084,0]],[3,"Toggle_room4",33554432,3,[-89,-90,-91,-92],[[2,-84,[0,"54BfVPnUtOCbf5BE8d4s56"],[5,202.4,223]],[17,false,0,-85,[0,"29L3APA91BmLSg202MoZH/"],29],[18,false,-88,[0,"70qLIO0j5ISrdczRISI5CF"],[4,4292269782],-87,[[11,"b0b9b9Bic9HWL7uVRvZ9Xjk","checkToggleEvent","4",1]],-86]],[1,"81KWZDebxN+IdxyWN6Thho",null,null,null,1,0],[1,-276.325,14.796,0]],[3,"Toggle_room5",33554432,3,[-98,-99,-100,-101],[[2,-93,[0,"d9RFvOIJRLu6wRbrqh1dw6"],[5,261.2,164.5]],[17,false,0,-94,[0,"7b5/KR481IkI3OAFeT6NsS"],36],[18,false,-97,[0,"3e9k/2B4FHUpKlfOq3b91H"],[4,4292269782],-96,[[11,"b0b9b9Bic9HWL7uVRvZ9Xjk","checkToggleEvent","5",1]],-95]],[1,"2eDZz0+whC/7+FSie7RhNt",null,null,null,1,0],[1,-24.842,-40.358,0]],[3,"Toggle_room6",33554432,3,[-107,-108,-109,-110],[[2,-102,[0,"03AUrRIz5GfY49ZfhDE5Jv"],[5,154.4,236.6]],[17,false,0,-103,[0,"68qH3C6fNEfo2fzEAROb8P"],42],[18,false,-106,[0,"8dob8OvldPsoUmuUVZdEiG"],[4,4292269782],-105,[[11,"b0b9b9Bic9HWL7uVRvZ9Xjk","checkToggleEvent","6",1]],-104]],[1,"beOktfTQROCpW3J87+1bko",null,null,null,1,0],[1,295.298,-100.476,0]],[3,"Toggle_room7",33554432,3,[-116,-117,-118,-119],[[2,-111,[0,"bbT/7lirVLL4rn3megEmai"],[5,190.8,193.1]],[17,false,0,-112,[0,"6fLjvs7npOcpOojdkWqJ4e"],48],[18,false,-115,[0,"9bWtiKLl9GNq4XSt7/q+Kh"],[4,4292269782],-114,[[11,"b0b9b9Bic9HWL7uVRvZ9Xjk","checkToggleEvent","7",1]],-113]],[1,"9dAZD4B+ZMr4wnIvNnoInR",null,null,null,1,0],[1,-275.825,-301.119,0]],[3,"Toggle_room8",33554432,3,[-125,-126,-127,-128],[[2,-120,[0,"92eCKgnQhGvZEsB6PkZUWM"],[5,263,150.1]],[17,false,0,-121,[0,"f8tRKWoRJPm5rnJeen8Aag"],55],[18,false,-124,[0,"a5DQfAwvRNS7fvJu83+EVR"],[4,4292269782],-123,[[11,"b0b9b9Bic9HWL7uVRvZ9Xjk","checkToggleEvent","8",1]],-122]],[1,"bdBJRJx5tM3a4kIhu7kTn6",null,null,null,1,0],[1,-26.805,-321.701,0]],[32,"Content",33554432,1,[-131,-132,-133,-134,-135,4],[[2,-129,[0,"0dEFi1YfdEu6BGKqCkjC1j"],[5,750,1334]],[33,45,100,100,-130,[0,"32gd/AymRLnLEvjE1VnSu2"]]],[1,"6dO1uK0jJCtKMkgDlRfGGH",null,null,null,1,0]],[3,"BtnAmount",33554432,4,[-141,-142,-143],[[2,-136,[0,"d8YRYwVZVOGIONAKwqUYfy"],[5,133.3,70]],[14,1,0,-137,[0,"d4Jc/ngTlMVaJjwvunvhC1"]],[27,-139,[0,"c5/DW/lIJB6pfYEHeKiRRi"],[[26,"b0b9b9Bic9HWL7uVRvZ9Xjk","onShowAmountMenu",1]],[4,4292269782],-138],[60,-140,[0,"58I8qZBhpMx68v3nnJN1lK"]]],[1,"7aU0Oort5IKZyFSAVNAGnk",null,null,null,1,0],[1,-121.699,-10,0]],[3,"Gold",33554432,15,[-148,-149,-150],[[2,-144,[0,"22LmrsiyJElYknglkK2AR9"],[5,102,91]],[58,false,1,-145,[0,"09WfYHzIlLzLnL+/gJSnio"],60],[39,false,2,-147,[0,"bdaP4lcMlI/4P0w5squnFn"],[4,4292269782],-146,61,62,63,64]],[1,"01kGHCWFJDYpl8k77OLkOm",null,null,null,1,0],[1,113.671,597.348,0]],[3,"countDown",33554432,15,[-156,-157],[[25,-151,[0,"52DlgjFd5PGaCQFcpsHWOi"],[5,400,94.2],[0,0,0.5]],[8,1,0,-152,[0,"cd+W5r5sJIaZJp2oNYbft2"],66],[39,false,2,-154,[0,"99TGoL/rNFd6hrF/CAXu9i"],[4,4292269782],-153,67,68,69,70],[52,false,8,5.684341886080802e-14,-155,[0,"95aGHCC0xFv7YfVx1+/TrT"]]],[1,"30jycS1p9Hs7HHLR5jqSgx",null,null,null,1,0],[1,-374.99999999999994,642.683,0]],[44,"AmountMenu",false,33554432,4,[-160,-161,-162],[[2,-158,[0,"fcaga+7YFEgqRikrQom9Nr"],[5,150,180]],[61,2,2,1,true,-159,[0,"ceIobI0YhPwb5JcaNiBMeE"]]],[1,"141TiNBStKcr0fCfazeEDf",null,null,null,1,0],[1,-94.241,130.919,0]],[3,"Amount-10",33554432,19,[-167,-168],[[2,-163,[0,"d7lpDkpDlJMZ++H6nTlKNK"],[5,150,59.333333333333336]],[8,1,0,-164,[0,"90HUJlRVpJxprC2x0ws3KJ"],82],[27,-166,[0,"baFJP+sVBKLLmcy+s1aSsY"],[[11,"b0b9b9Bic9HWL7uVRvZ9Xjk","onSelectAmountItem","10",1]],[4,4292269782],-165]],[1,"d7TaZjAjhLNra0xv5xhQBh",null,null,null,1,0],[1,0,60.33333333333333,0]],[32,"Amount-50",33554432,19,[-173,-174],[[2,-169,[0,"8c/iqK2DxEdZN2Hf7SbACl"],[5,150,59.333333333333336]],[8,1,0,-170,[0,"95vYjlqYpMAboFVQJ3p1nz"],84],[27,-172,[0,"3eEEP5329JJaXZ7ABau1ZY"],[[11,"b0b9b9Bic9HWL7uVRvZ9Xjk","onSelectAmountItem","50",1]],[4,4292269782],-171]],[1,"b9qM15qntLVKD+ueisQHop",null,null,null,1,0]],[3,"Amount-100",33554432,19,[-179,-180],[[2,-175,[0,"1aKBYR5WBKtYuGrQK93AEh"],[5,150,59.333333333333336]],[8,1,0,-176,[0,"a8HuOc5JVOsr1OmUzR7Y1m"],86],[27,-178,[0,"37eyN5LCdFspZiyxTlm+x5"],[[11,"b0b9b9Bic9HWL7uVRvZ9Xjk","onSelectAmountItem","100",1]],[4,4292269782],-177]],[1,"09Jywofe5K5oXIYFHhghvP",null,null,null,1,0],[1,0,-60.33333333333334,0]],[3,"RecordBtn",33554432,4,[-185,-186],[[2,-181,[0,"14a1RzOXZCoYXj5FZQoKm8"],[5,150,40]],[37,false,1,0,-182,[0,"feyoMjs6lBqKefgzw8Pgz4"],88],[40,3,-184,[0,"4flyfzZnhIWoHbPN8hjXUy"],[[26,"b0b9b9Bic9HWL7uVRvZ9Xjk","OnRecordBtnClick",1]],[4,4278190080],-183]],[1,"83O15ivHBO3btsi//w5hdN",null,null,null,1,0],[1,300,20,0]],[3,"RankBtn",33554432,4,[-191,-192],[[2,-187,[0,"04JubMx3VP27WUbxFzYS3P"],[5,150,40]],[37,false,1,0,-188,[0,"5dPXbGxbFOsrlkq1gm/Cge"],90],[40,3,-190,[0,"80AO8kVktOQpwt7KU8XtUT"],[[26,"b0b9b9Bic9HWL7uVRvZ9Xjk","OnRankBtnClick",1]],[4,4278190080],-189]],[1,"6eBby4CGtEWKPRezeSPZAT",null,null,null,1,0],[1,300.203,-30,0]],[31,"roomBg",33554432,[-195,2,3],[[2,-193,[0,"ecehOHvBJDlZZqfrrGPUl+"],[5,750,918]],[9,-194,[0,"30pjewKMVLAbQf+nuV6RSN"],56]],[1,"d32i7RX6dDMJAfGBKbGZI8",null,null,null,1,0]],[3,"BigDoor",33554432,25,[-199,-200],[[2,-196,[0,"2aNKO/moJMh4PVPXwS0Elj"],[5,100,50]],[19,-197,[0,"0eSflXIjBBlKTHIj3wGBxC"],[2],3],[20,-198,[0,"d9G4acRuVOCLgi+2BMuEpi"]]],[1,"0dbKL5SCJJ3Lrqur/slR3o",null,null,null,1,0],[1,193.189,-433.469,0]],[3,"door",33554432,8,[-204,-205],[[2,-201,[0,"708rFIVY1IkZu83IbjuGCm"],[5,100,50]],[62,-202,[0,"7aHTm4sJNE/op2Pxon7Bzw"],[[null,12],0,6],13],[20,-203,[0,"bfNNCNWtBDiKaThr4c9uS/"]]],[1,"cccvsShflHcJ4tLsq7WJtQ",null,null,null,1,0],[1,-51.442,-101.109,0]],[3,"door",33554432,9,[-209,-210],[[2,-206,[0,"48nGWm5oVL9J7jjxAXGrcD"],[5,100,50]],[19,-207,[0,"57HA4RFG5OUrN8kjPr7g/g"],[19],20],[20,-208,[0,"51TmN0f21LyJz5O0ia2/5w"]]],[1,"1b04Kvz/RAlZ+KoCSznL1a",null,null,null,1,0],[1,-75.468,-131.863,0]],[3,"door",33554432,11,[-214,-215],[[2,-211,[0,"fbwVBa2u9HO4+jGaoJVILt"],[5,100,50]],[19,-212,[0,"5cfEx+ZpdDW6HcKIgmzfSs"],[32],33],[20,-213,[0,"ae16k/LrFFE6U6dLmZvR1o"]]],[1,"baY3QJTgJPWrgQpyUoFVlw",null,null,null,1,0],[1,-6.128999999999962,-97.97600000000011,0]],[3,"door",33554432,14,[-219,-220],[[2,-216,[0,"3ceZnXDI1H8rgvFNFnOCUy"],[5,100,50]],[19,-217,[0,"b3OBhxPeJPgpNukfMJ5MeE"],[51],52],[20,-218,[0,"d9U236JcJKg7VwzzD2rhqJ"]]],[1,"2aGG6EBYdJ7Jkc5U5uOkHE",null,null,null,1,0],[1,45.417,76.615,0]],[45,"roleMask",false,33554432,15,[[25,-221,[0,"55NtKpP7dMi7mD42PZEr3M"],[5,750,382.6],[0,0.5,0]],[38,1,0,-222,[0,"78Soc/aL9LpZK2RnKaG9vo"],[4,1090519039],72],[59,false,-224,[0,"16T5OKrW9Oyp9Trboz7tGD"],[[26,"b1c1011sa9OPJa/CfP5TOo2","OnHideAmountMenu",1]],[4,4292269782],-223,73,74,75,76],[53,44,1402.5,100,264.5,-225,[0,"bcCpY7/PNLfIgfW2fWQJwK"]]],[1,"0fkBnE4IRI9JS8VtGaWoA4",null,null,null,1,0],[1,0,-833.5,0]],[3,"Btn_PutInto",33554432,4,[-230],[[2,-226,[0,"28Vc/7VRhJBrUKiX76wraM"],[5,204,92]],[14,1,0,-227,[0,"46efoQ4Y1MdpzX8X1hFSQe"]],[27,-229,[0,"6cduxkfG5HXoz61qbIqH65"],[[26,"b0b9b9Bic9HWL7uVRvZ9Xjk","OnBtnPutIn",1]],[4,4292269782],-228]],[1,"aefX+JWR1HKo7mocjK9tCD",null,null,null,1,0],[1,84,-10,0]],[6,"Label",33554432,32,[[2,-231,[0,"57nVYYFBlOHbkwgGPbKUsR"],[5,182.3,58.9]],[63,"连接钱包",40,1,false,true,1,1,-232,[0,"42eYgjeu1OnK9rmQ4vcaoy"],[4,4278190080]],[68,false,-233,[0,"e8q80zx+9I1Kcw/+7HEbzy"]],[35,false,-234,[0,"840UbDnDhN17HEi277vD9C"]],[12,"*.bet_name",-235,[0,"0aQR577cRGy4e3aXNQs51S"]]],[1,"35GC2tN5ZIqoi1x2mUo6hB",null,null,null,1,0],[1,-7.025,0.423,0]],[29,[0,"82BqQT1KFBkaY4aC4MFHOq"]],[6,"door",33554432,7,[[2,-236,[0,"46qFIk+K5ARZ8MkvcGz5HI"],[5,65.2,27.5]],[15,0,-237,[0,"a5yz4RWxZM1aWtCjFfKSWT"],4],[19,-238,[0,"21P0CBmtRK044sxNTwS0h6"],[5],6],[20,-239,[0,"22pjWFTtRNmL23kILz2KE1"]]],[1,"dcy7ft+EtFZZEshVozj6NN",null,null,null,1,0],[1,100.542,-132.957,0]],[6,"door",33554432,12,[[2,-240,[0,"edTRiJVzJCc7ftdgfaUF4D"],[5,25,55]],[9,-241,[0,"eaCZp8DcxCpoJ3dvX60OcU"],37],[19,-242,[0,"64WzUoPjNHL6MqdNfnOT8e"],[38],39],[20,-243,[0,"97hTcmuHBATJdByqMDcFTD"]]],[1,"81nfaS7VtIzKsamSJXQIZm",null,null,null,1,0],[1,-71.582,-87.059,0]],[6,"door",33554432,13,[[2,-244,[0,"15r/1XOOFLvoOjCzU33mX1"],[5,25,55]],[9,-245,[0,"e9pMota9lLYLscEMgkygNh"],43],[19,-246,[0,"9dEfj67s9PxJdf8p5TLgIE"],[44],45],[20,-247,[0,"83MyXlMjdOwqqLmuZhfmQc"]]],[1,"23BcxTxUhLAZ3exOdngM5/",null,null,null,1,0],[1,106.335,94.184,0]],[13,"Label",512,33554432,18,[[2,-248,[0,"17wiuzeTlNQKvmD/X8THU4"],[5,153.37890625,50.4]],[64,false,"尽快选择房间躲避",40,1,false,true,1,-249,[0,"162vaXSEhDEb3aHguOz3qO"],[4,4293783034]],[70,1,-250,[0,"1fMEG7VmJETqDHRqbIPBoF"]],[69,-251,[0,"59FU7e7BVOLLcOIaV5LglX"]]],[1,"4a1X33lLtLC4xfsgtHCAo0",null,null,null,1,0],[1,201.145,5.537,0]],[46,"Label",33554432,[[2,-252,[0,"de7zqab+VPRrK2hEcnFSLV"],[5,347.9,81.4]],[65,"宝石大逃杀",45,45,1,1,-253,[0,"98hR2UR3VFS624gRuVhVrN"]],[16,"GameTitle",-254,[0,"2b4phbNBNNr7HwCTotIiMi"]],[33,45,42.255859375,50.4,-255,[0,"06zZxL3ddFDpl2dcBLfoDT"]]],[1,"d5Df0+E1RFPJqhK2wu6dJb",null,null,null,1,0]],[32,"bg",33554432,1,[25],[[2,-256,[0,"e7eUJGBV9MbJqmG59Twaoi"],[5,750,1667]],[8,1,0,-257,[0,"e3f9neVStJX6AIBSNE/6bD"],57]],[1,"adm2aPpDhGv6xFc1yuKxDf",null,null,null,1,0]],[29,[0,"bbyqztKbZIgbThIJ5xi1Nn"]],[22,"Checkmark",false,33554432,7,[[[2,-258,[0,"82P9X9TshCZ7DafKPmR6uJ"],[5,273,246]],-259,[23,45,false,150,150,-260,[0,"41tJCt9wdGTJMxXgjxbWih"]]],4,1,4],[1,"20UxHF0D9PI4lvNm9OZdtk",null,null,null,1,0]],[3,"room_hovel_text_zh",33554432,7,[-263],[[2,-261,[0,"84FPJKLIFFbr5nN8MZ/Eus"],[5,155,50]],[8,1,0,-262,[0,"2e3m7bbWhMA4A8PXXWbSxh"],7]],[1,"40uLKbXV5CrbqjoGe10LKo",null,null,null,1,0],[1,-44.684,141.149,0]],[10,"room_name",33554432,43,[[2,-264,[0,"7fVjiiB8tEGaG30QWTfWvj"],[5,136.6845703125,50.4]],[28,"房间名称1",30,30,-265,[0,"9e9d+4+UJHRJ/ISwdmA/oE"],[4,4279242769]],[16,"room_1",-266,[0,"07R/ko/BVL04pguNDKEb6A"]]],[1,"75rGPXb3JEkJRwRPuhK7Tn",null,null,null,1,0]],[3,"Gold",33554432,7,[-269],[[2,-267,[0,"59iv4moqJFVIKumcmB6mbm"],[5,40,40]],[8,1,0,-268,[0,"5ccQK5SMFJ8ZFoIydzWKVQ"],8]],[1,"b8IyzEzXJL0I7QuLvrmFDs",null,null,null,1,0],[1,-18.705,24.99,0]],[13,"TotalAmountLabel",512,33554432,45,[[2,-270,[0,"d5aZuWFlhIcL/cmq62ag1i"],[5,200,63.8]],[21,"123",0,30,30,1,false,-271,[0,"86vTvqT01LTqzaypsrAZwL"],[4,4293848824]],[12,"*.room_bet_1",-272,[0,"16ZncoVhlH0an5oKoJgr79"]]],[1,"b534PRuY1IDZx5ZGZgpm7K",null,null,null,1,0],[1,119.644,0,0]],[22,"Checkmark",false,33554432,8,[[[2,-273,[0,"2braGId5xJ46NcVF4btyEi"],[5,202.4,195.1]],-274,[23,45,false,150,150,-275,[0,"718MJAMi1PPJnHImIsI0rK"]]],4,1,4],[1,"0ekxkod2FAoL5zeCIkHh7s",null,null,null,1,0]],[3,"room_hovel_text_zh",33554432,8,[-278],[[2,-276,[0,"42xi4heylCxa5Sn2Cxjb37"],[5,155,50]],[8,1,0,-277,[0,"b6AvWMGzhLkLdR+Q6WEhw6"],14]],[1,"9ebNWEOS1DmLRjDiMN5He/",null,null,null,1,0],[1,-33.421,121.022,0]],[10,"room_name",33554432,48,[[2,-279,[0,"abycLxsKBED5lAUI1hSfp4"],[5,120,50.4]],[28,"房间名称",30,30,-280,[0,"27zuDsb2FChYeOUN2apZE/"],[4,4279242769]],[16,"room_2",-281,[0,"73rMy/xfpG9LrGJdtD85JM"]]],[1,"c7tryYXoRB5IPacqtgjmqB",null,null,null,1,0]],[3,"Gold",33554432,8,[-284],[[2,-282,[0,"baVPr1eaVIdYQIaMt2Wkwg"],[5,40,40]],[8,1,0,-283,[0,"d43+yJ1v5AhbwkYrBnEI6e"],15]],[1,"88HXiTE09JCLYGHyJuhXZ5",null,null,null,1,0],[1,-72.814,-35.149,0]],[13,"TotalAmountLabel",512,33554432,50,[[2,-285,[0,"ceYcGq8b9O/IjBOjih2LrZ"],[5,343.6,63.8]],[21,"123",0,30,30,1,false,-286,[0,"dfsbumswdHE7dRKILIKSTZ"],[4,4293651448]],[12,"*.room_bet_2",-287,[0,"ddMBci9WBAz671aJmlb+oB"]]],[1,"37S+N7uJ5K743nkTpS1a9o",null,null,null,1,0],[1,186.288,0,0]],[22,"Checkmark",false,33554432,9,[[[2,-288,[0,"71Fn9yTPVJXYwN3LmoGaDg"],[5,241.9,202.2]],-289,[23,45,false,150,150,-290,[0,"d67rB1NLhKVLdtOSMh8gsn"]]],4,1,4],[1,"abt+9X57xIm4rl3d11Kf4U",null,null,null,1,0]],[3,"room_hovel_text_zh",33554432,9,[-293],[[2,-291,[0,"85aKlBk/dCSZ6/BSMYqJDU"],[5,155,50]],[8,1,0,-292,[0,"76kl0R/kpO3aI2jkNOlLel"],21]],[1,"d2VdRaBANCcrenzfZKKre9",null,null,null,1,0],[1,37.156,159.045,0]],[10,"room_name",33554432,53,[[2,-294,[0,"78aePOgNNMrrYYtSyzwWvN"],[5,120,50.4]],[28,"房间名称",30,30,-295,[0,"a9CXqQbf1BWLyoZazHh451"],[4,4279242769]],[16,"room_3",-296,[0,"06oMwzU+dCvJShwdM5oSDe"]]],[1,"11X7ixDZlOcLtnRltOvIJa",null,null,null,1,0]],[3,"Gold",33554432,9,[-299],[[2,-297,[0,"b5PGUrROJOJKmNK1KTLBZ1"],[5,40,40]],[8,1,0,-298,[0,"e2hhfjg31H+rzvB9JaMKpA"],22]],[1,"8fkAG97TNFFb4S5nY3RT+G",null,null,null,1,0],[1,-44.024,-10.471,0]],[13,"TotalAmountLabel",512,33554432,55,[[2,-300,[0,"65ZNZD12tF04bi1HRizReJ"],[5,343.5,63.8]],[21,"123",0,30,30,1,false,-301,[0,"80FqrCOHRDTaH7vB2rDEN3"],[4,4293783029]],[12,"*.room_bet_3",-302,[0,"b1jxDp7lZJw7DBHO9Nvs5b"]]],[1,"a9ONjhOi5CsZ3jeZfR2w6o",null,null,null,1,0],[1,186.288,0,0]],[22,"Checkmark",false,33554432,10,[[[2,-303,[0,"15dtJIjFpG7Zk+LM01i5Ql"],[5,202.4,223]],-304,[23,45,false,150,150,-305,[0,"3dxdygGudF2Y7uCUeUbiGF"]]],4,1,4],[1,"97p6Q5cxpKI590M9f/4fSJ",null,null,null,1,0]],[6,"door",33554432,10,[[2,-306,[0,"9dp1ulAQ9PS4ybrC2FakR+"],[5,25,55]],[9,-307,[0,"fdEnyXWihN958fxO+5ckJB"],24],[19,-308,[0,"b0/lYTKVFBR5mMI7qo3v6/"],[25],26]],[1,"7bLfxGFoBO0ocllGBdLFpi",null,null,null,1,0],[1,106.405,88.993,0]],[3,"room_hovel_text_zh",33554432,10,[-311],[[2,-309,[0,"6bppW7JJlB5Zf1AVoWd4xp"],[5,155,50]],[8,1,0,-310,[0,"a8yQs0OTxK3Zc2f1Rilg9x"],27]],[1,"64AX5B8vpMtri47/QEOzT2",null,null,null,1,0],[1,-4.998,127.691,0]],[10,"room_name",33554432,59,[[2,-312,[0,"78MlRDxfVL8omLsiI1Y19f"],[5,120,50.4]],[28,"房间名称",30,30,-313,[0,"6eHA2HgjpIQa48M616EAvf"],[4,4279242769]],[16,"room_4",-314,[0,"88W9xWsaBOb4p6iX1Q89LV"]]],[1,"11lAiuRX9Abp/hOOJ4ym5Q",null,null,null,1,0]],[3,"Gold",33554432,10,[-317],[[2,-315,[0,"0cT7H2hdRGZZsWMm4M1R+A"],[5,40,40]],[8,1,0,-316,[0,"357p8Xx1BHNLRyeqp+uwrt"],28]],[1,"c922rM8lZBwZtpN2fz/zC+",null,null,null,1,0],[1,-18.705,3.923,0]],[13,"TotalAmountLabel",512,33554432,61,[[2,-318,[0,"df1A0LL2tDLaYzMznaxO40"],[5,343.5,63.8]],[21,"123",0,30,30,1,false,-319,[0,"98YJYw0jVGWLEKRj6Jqfha"],[4,4293848829]],[12,"*.room_bet_4",-320,[0,"3d/hVZWOpBpKxTCRbo/5Y1"]]],[1,"e1MyWpv9FDsIY2hEqm3mOU",null,null,null,1,0],[1,186.288,0,0]],[22,"Checkmark",false,33554432,11,[[[2,-321,[0,"b6nCwxWxtFaq9444G+DZ09"],[5,261.2,164.5]],-322,[23,45,false,150,150,-323,[0,"4bR3NRIwxEu4b/Ryegx9Om"]]],4,1,4],[1,"fae8jdDDxIv7uH7g4/eioh",null,null,null,1,0]],[3,"room_hovel_text_zh",33554432,11,[-326],[[2,-324,[0,"bbjOwd94xNGKl2CJZhF+v6"],[5,155,50]],[8,1,0,-325,[0,"9a7gzJWRtCFbF7e1XBowAi"],34]],[1,"cbyXMKB/FIOoLfLWGg5sn1",null,null,null,1,0],[1,-4.998,93.628,0]],[10,"room_name",33554432,64,[[2,-327,[0,"d7gn2vpXpEfZb15M3zyjS7"],[5,120,50.4]],[34,"房间名称",30,30,1,-328,[0,"40dxDHpdlDIIDAyo4n/ygb"],[4,4279242769]],[16,"room_5",-329,[0,"0ey2i4oxZBeLZdlqQC9JbI"]]],[1,"8f1zvcTYZAM71HgYS5JNFP",null,null,null,1,0]],[3,"Gold",33554432,11,[-332],[[2,-330,[0,"e5cdGg2iRK5pzSLHeKILRs"],[5,40,40]],[8,1,0,-331,[0,"81ZWjnXTlAm6iRpmIO7YJj"],35]],[1,"eaN3wffmlPuaZeXylpEVkH",null,null,null,1,0],[1,-18.705,3.923,0]],[13,"TotalAmountLabel",512,33554432,66,[[2,-333,[0,"74TeD1DAND/KdiGYNMl7d/"],[5,343.5,63.8]],[21,"123",0,30,30,1,false,-334,[0,"2b4QQgB9JHj5Oj280L0rNO"],[4,4292796145]],[12,"*.room_bet_5",-335,[0,"7bOThvoqpPn6WeY1WruijM"]]],[1,"503pffy+ZCtYTMHxilwPeA",null,null,null,1,0],[1,186.288,0,0]],[22,"Checkmark",false,33554432,12,[[[2,-336,[0,"08xEdOobdEFqPTdsejOO8T"],[5,154.4,236.6]],-337,[23,45,false,150,150,-338,[0,"0ePEt6Zq5M7pJGJ/pkOGha"]]],4,1,4],[1,"96d6c0n2RN/4sbq0hxfWQv",null,null,null,1,0]],[3,"room_hovel_text_zh",33554432,12,[-341],[[2,-339,[0,"13Omy4QrdG54L5FbvN2j/L"],[5,155,50]],[8,1,0,-340,[0,"2btaPDAThKyKlT5G5j3TLe"],40]],[1,"cbMme7dJZGxYNOctCz+mbb",null,null,null,1,0],[1,-4.998,170.842,0]],[10,"room_name",33554432,69,[[2,-342,[0,"23mwFc6xhMfLSlR0odRA/g"],[5,120,50.4]],[34,"房间名称",30,30,1,-343,[0,"e8szDHgJ1Ako9INMr+Mtk6"],[4,4279242769]],[16,"room_6",-344,[0,"26rtRHF+hF0ZUbrNHmVsjW"]]],[1,"dd4iJJm61Nba6TyeFHLoty",null,null,null,1,0]],[3,"Gold",33554432,12,[-347],[[2,-345,[0,"f4DGUDIHxGibRkKpsjFbEH"],[5,40,40]],[8,1,0,-346,[0,"93Fnzf/VJAL5MMBXe5Bk5D"],41]],[1,"e7a63NWsZEvIpKsx6C6uTj",null,null,null,1,0],[1,-41.985,-23.166,0]],[13,"TotalAmountLabel",512,33554432,71,[[2,-348,[0,"b7POpGuRNB/raHLwHshXNk"],[5,343.5,63.8]],[21,"123",0,30,30,1,false,-349,[0,"8cD+i0CchPkabPsu523j/s"],[4,4293454067]],[12,"*.room_bet_6",-350,[0,"3cU2NU9wZGwpscurjhatbm"]]],[1,"8e9FoxNMFJvqyEVZHUnIdq",null,null,null,1,0],[1,186.288,0,0]],[50,"Checkmark",false,33554432,13,[[[2,-351,[0,"75iJZ+GCJLFYPceAgaA0iE"],[5,190.8,193.1]],-352,[54,45,-6.772000000000002,0.035069911962713626,false,150,150,-353,[0,"16rdCBaKxGh4G5Qhgw+xxk"]]],4,1,4],[1,"d3S/1qp15IVLFiDX+4kJy9",null,null,null,1,0],[1,0,6.772000000000006,0]],[3,"room_hovel_text_zh",33554432,13,[-356],[[2,-354,[0,"cci0tK1B9OQouwjiHyCe55"],[5,155,50]],[8,1,0,-355,[0,"b9a6+jIbRPsoOZaJLowc1q"],46]],[1,"80sG5xTKZNAL5xyWcHWfoK",null,null,null,1,0],[1,-4.998,132.466,0]],[10,"room_name",33554432,74,[[2,-357,[0,"c3C/TBfeNCT6zDyw8uZ3oT"],[5,120,50.4]],[34,"房间名称",30,30,1,-358,[0,"fa3exRskFGUZi/HvMTA763"],[4,4279242769]],[16,"room_7",-359,[0,"d492V2Ig5BOavq0UKhNFHj"]]],[1,"1frcsWrv1NJI+NyOmlwy/p",null,null,null,1,0]],[3,"Gold",33554432,13,[-362],[[2,-360,[0,"65bBKeB2xJvIJV9xYr4BLU"],[5,40,40]],[8,1,0,-361,[0,"aa7l6e2NtPbKqSeLdNnCQg"],47]],[1,"0ftwu7j/JBgqrH5O+Te8qT",null,null,null,1,0],[1,-18.705,3.923,0]],[13,"TotalAmountLabel",512,33554432,76,[[2,-363,[0,"4b+xFN1JNDxI1ORP+7/yo5"],[5,343.5,63.8]],[21,"123",0,30,30,1,false,-364,[0,"c1xTa/kc1AUJyQ4F5hNt3L"],[4,4293783032]],[12,"*.room_bet_7",-365,[0,"e0fj6Pme5CAoNi4TFtXY/z"]]],[1,"9bkpEOgplHvYEadny5qEJK",null,null,null,1,0],[1,186.288,0,0]],[22,"Checkmark",false,33554432,14,[[[2,-366,[0,"13RKmfFzpHhawxjIDa3RPq"],[5,263,150.1]],-367,[23,45,false,150,150,-368,[0,"7cWCxyncBLu4cRZr11V2hi"]]],4,1,4],[1,"5aZkhDWp9Ccpt2uyDQ92oY",null,null,null,1,0]],[3,"room_hovel_text_zh",33554432,14,[-371],[[2,-369,[0,"66vfAWPBJG05P3n3eaD3ON"],[5,155,50]],[8,1,0,-370,[0,"90frCIBfRF2r7SWynMz96J"],53]],[1,"30zMyv9U9PdYOC2ojenk4Y",null,null,null,1,0],[1,-77.367,72.618,0]],[10,"room_name",33554432,79,[[2,-372,[0,"26kCPQ9dFLPo11UmeIt1QR"],[5,120,50.4]],[28,"房间名称",30,30,-373,[0,"48iXD5EQ5F/JoZsjwQOcus"],[4,4279242769]],[16,"room_8",-374,[0,"92HyVcWdtMnoiGkmFshpb/"]]],[1,"83PH2mX1VHxLC/gn9hcmDJ",null,null,null,1,0]],[3,"Gold",33554432,14,[-377],[[2,-375,[0,"04vhUg6apCvpSfF0M2xEGy"],[5,40,40]],[8,1,0,-376,[0,"17iaOhwLJHLLJhaLxcwebn"],54]],[1,"17WFJ+YS1GV5G+GAlo4mnj",null,null,null,1,0],[1,-18.705,3.923,0]],[13,"TotalAmountLabel",512,33554432,81,[[2,-378,[0,"d3rvrRZwlOh6XxPBYu8T6L"],[5,343.5,63.8]],[21,"123",0,30,30,1,false,-379,[0,"a4ylEGopZAk5i67VY4KLqI"],[4,4293980412]],[12,"*.room_bet_8",-380,[0,"cc1rt7IuVOtaMUvNXj5uWP"]]],[1,"44pgd3Sf5MnKggsiyObgjY",null,null,null,1,0],[1,186.288,0,0]],[13,"TotalAmountLabel",512,33554432,17,[[2,-381,[0,"76HHdJ/4tATZUcjdYR4rPm"],[5,181.7,40.1]],[30,"12000",36,36,2,false,-382,[0,"67u7s7jpdDwrkhLATsV/38"],[4,4293848826]],[12,"*.amount",-383,[0,"bfAZ0CHhxOILXq6zNtbHFY"]]],[1,"4eX+DW2U5C0p1jgkM3/N/w",null,null,null,1,0],[1,141.553,4.679,0]],[3,"Title",33554432,15,[39],[[2,-384,[0,"beqAJszoVIdaz/BOwyMEVE"],[5,347.9,81.4]],[8,1,0,-385,[0,"81iNIgXM5CMYfeb6A3bf98"],71]],[1,"55JF/wgjBBY4aPSSt7jqGq",null,null,null,1,0],[1,-181.49,549.064,0]],[10,"bg",33554432,4,[[2,-386,[0,"fb11gYl5VN3YH1TJadaRoW"],[5,750.0000000000001,160]],[38,1,0,-387,[0,"4132XAxK5OQ7WTD5EfIgaY"],[4,2147483648],77],[55,40,750,-388,[0,"a1yziTw9BOYI9Qi0MBE9Kk"]]],[1,"9dssVz6oFIfp4Lw4IEuCGl",null,null,null,1,0]],[6,"Label",33554432,16,[[25,-389,[0,"c1OTqnfZlKuayZqp+FTs2G"],[5,50,40],[0,0,0.5]],[66,"100",30,30,1,false,1,-390,[0,"29OD9fItlIRLUIqKGNV1MQ"],[4,2147483648]],[12,"*.selectAmount",-391,[0,"3dPdjXG3FG9rgH1G7dEucq"]]],[1,"57pisk24dCf4/gDnrydKTq",null,null,null,1,0],[1,-16.304499999999962,5.423000000000002,0]],[36,"Label",false,33554432,23,[[25,-392,[0,"0feFvTvG9Ft6WAhUnHwlfr"],[5,70,40],[0,0,0.5]],[41,"战绩",0,20,20,1,false,1,-393,[0,"cd1uwuRRxOxY4MJ9X7EZWH"],[4,1073741824]],[35,false,-394,[0,"9dSG1dCahOwYGnMxVgPOVP"]]],[1,"7dRMEjullHbbHbfIl2IHVA",null,null,null,1,0]],[36,"Label",false,33554432,24,[[25,-395,[0,"88Xau4eNhN66sEDVfLl9ZG"],[5,70,40],[0,0,0.5]],[41,"排行榜",0,20,20,1,false,1,-396,[0,"dd6Wrd8O5EJqOZglUqiprT"],[4,1073741824]],[35,false,-397,[0,"a4P7QRRCxDnrK/XHOKQxVf"]]],[1,"46voQFJxRKv4t0leFVl31m",null,null,null,1,0]],[6,"left",33554432,26,[[2,-398,[0,"a1rx0Qz8lKT5upcYLOdiKb"],[5,88,35]],[9,-399,[0,"187KseOHhDE5T40JGcXF8g"],0]],[1,"edV9tBLh9LVqhGVMViNZA6",null,null,null,1,0],[1,-23.947,0,0]],[6,"right",33554432,26,[[2,-400,[0,"f8OzEnK3VOZawqp5mfXjaI"],[5,88,35]],[9,-401,[0,"85evsRJsxFz7/VfRS1LExZ"],1]],[1,"e0BqQWd/VIL73x7yb65BgR",null,null,null,1,0],[1,58.402,0,0]],[5,"MonkeyPoint",33554432,2,[[[4,-402,[0,"aes7tp+qJGh4OngWBMs1s/"]],-403],4,1],[1,"57NlDPY8VBgb1vc+xEH8ez",null,null,null,1,0],[1,465.788,-341.734,0]],[5,"PlayerStart",33554432,2,[[[4,-404,[0,"98gsLEOxVPALk9D9VVL7Pc"]],-405],4,1],[1,"adcuVnS75GEJJWVo/FEsbf",null,null,null,1,0],[1,0,-596.745,0]],[5,"Point1",33554432,2,[[[4,-406,[0,"07R1ijmapKW7lOkN+WP6mU"]],5],4,1],[1,"d8yvkM50VJGaFsAe7W0efr",null,null,null,1,0],[1,213.742,-466.702,0]],[5,"Point2",33554432,2,[[[4,-407,[0,"01oy4S7RJIVrCJhZ0Qso2N"]],6],4,1],[1,"b2d0JJHBNNV44srWrEunsB",null,null,null,1,0],[1,176.484,-333.359,0]],[5,"Point3",33554432,2,[[[4,-408,[0,"1emb/9ENZP4Ko3heSwOxhE"]],-409],4,1],[1,"c8kiiGZOtKt4F7K+Qz9RgL",null,null,null,1,0],[1,174.523,-192.173,0]],[5,"Point4",33554432,2,[[[4,-410,[0,"29KctIggVBR5oP1nUqbg9H"]],34],4,1],[1,"7cwpr2ZLVHIK7ZM7kOGr85",null,null,null,1,0],[1,174.523,85.915,0]],[5,"Point5",33554432,2,[[[4,-411,[0,"eeIcKl/fFNUL+Qv8KHDZv9"]],-412],4,1],[1,"a0JfI6p7FOlqZb2pn9a6vL",null,null,null,1,0],[1,-35.297,96.084,0]],[5,"Point6",33554432,2,[[[4,-413,[0,"feObgrUl5EypBjs1y/uPdz"]],-414],4,1],[1,"29dW+cZeFCnKKh57Rdg5bO",null,null,null,1,0],[1,-119.617,96.084,0]],[5,"Point7",33554432,2,[[[4,-415,[0,"40J9HopfBGkasfNJoTVzx/"]],-416],4,1],[1,"82SoKH/SpDk7xCZR05QdMv",null,null,null,1,0],[1,-119.617,127.459,0]],[5,"Point8",33554432,2,[[[4,-417,[0,"97CYNkV41HGYXNuMwDRehB"]],-418],4,1],[1,"1dJAEwm+5Jy56EFoWh2aCx",null,null,null,1,0],[1,-35.297,-174.525,0]],[5,"Point9",33554432,2,[[[4,-419,[0,"49JjGPHtdPoL0gMAK2yejX"]],-420],4,1],[1,"580SMd4bJPBptO+9V60PIY",null,null,null,1,0],[1,-119.617,-192.173,0]],[5,"Point10",33554432,2,[[[4,-421,[0,"ebosXMcchPDqIyo03IS2F3"]],-422],4,1],[1,"94XY/OKCJHPrhmELivRptI",null,null,null,1,0],[1,11.765,-192.173,0]],[5,"Room1",33554432,2,[[[4,-423,[0,"9cnsB44U5OAIZCU2EuqlYM"]],-424],4,1],[1,"aa8BtRi8FA9Y/0Gckw0fEy",null,null,null,1,0],[1,-235.312,252.958,0]],[7,103,[0,"1f4BBEUJRMe6wA/OvpKfiE"]],[5,"Room2",33554432,2,[[[4,-425,[0,"79vXlwQxNIN4Y0/PNFyJWW"]],-426],4,1],[1,"63pGwkQKtJo5VMDovo/PMM",null,null,null,1,0],[1,3.922,252.958,0]],[5,"Room3",33554432,2,[[[4,-427,[0,"dby83h7p9GlZUPjhLav/5W"]],-428],4,1],[1,"52xiAxGQlIXrga91pt4HvT",null,null,null,1,0],[1,213.741,252.958,0]],[7,106,[0,"39xNwnTrBBqKUNIwwz/UUD"]],[5,"Room4",33554432,2,[[[4,-429,[0,"32moKvAQRMGKJvdtPcHfXH"]],-430],4,1],[1,"f3VK/T57RFv4WHmI9V90IK",null,null,null,1,0],[1,-276.492,1.959,0]],[7,108,[0,"1b48lfyetC0aZO9WSFyrN0"]],[5,"Room5",33554432,2,[[[4,-431,[0,"3ff6jtlTBPB7CyuuoBgsAP"]],-432],4,1],[1,"9f/B9Bn2BBJ5L53hHaYyJp",null,null,null,1,0],[1,-37.811,-60.791,0]],[7,110,[0,"9e3aGLLnBCR4aE71nI4SGC"]],[5,"Room6",33554432,2,[[[4,-433,[0,"d6p0TWMo5IAYMTa4HlBMnR"]],41],4,1],[1,"20miMhXzxNj7SuVwMGqzVQ",null,null,null,1,0],[1,301.983,-100.009,0]],[5,"Room7",33554432,2,[[[4,-434,[0,"7b+m1jB0pJNK1UYzNQ9C/g"]],-435],4,1],[1,"e2zvCELDtBtKxmyeQKVfM2",null,null,null,1,0],[1,-291.884,-282.376,0]],[7,113,[0,"0aPNNL8EREDqn5jtqDwasg"]],[5,"Room8",33554432,2,[[[4,-436,[0,"b3flsz75NN3ZvTHkIUSVjM"]],-437],4,1],[1,"fbpMl5c+ZKubhEtAuvBum1",null,null,null,1,0],[1,-20.562,-337.818,0]],[7,115,[0,"11N91uEutM85HQ2g5yxWbx"]],[5,"Room1_1",33554432,2,[[[4,-438,[0,"2dKt+YS49CILmRx4M7CaG4"]],-439],4,1],[1,"e9NvT/28JDY6ln8i3zKjEd",null,null,null,1,0],[1,-132.232,241.684,0]],[5,"Room2_1",33554432,2,[[[4,-440,[0,"a1by//ViJGF6IjPVfF/I+I"]],-441],4,1],[1,"e5IwWK82xAyp915dNY+nFX",null,null,null,1,0],[1,-33.984,227.188,0]],[5,"Room3_1",33554432,2,[[[4,-442,[0,"9eNRvUYW1Aa4/Heg84N9dS"]],-443],4,1],[1,"beKPEhW+pDOrj+Dhsl1hUA",null,null,null,1,0],[1,167.033,252.958,0]],[5,"Room4_1",33554432,2,[[[4,-444,[0,"f41EbAGpVIqaSMpcKGcBsc"]],-445],4,1],[1,"20c2nnhulKJ5JM7tIOc74C",null,null,null,1,0],[1,-225.95,97.989,0]],[5,"Room5_1",33554432,2,[[[4,-446,[0,"7fKCAzc4NJTJIVRvz04TZL"]],-447],4,1],[1,"9d+wIJUKVDaLGhrm7QVamm",null,null,null,1,0],[1,-37.811,-60.791,0]],[5,"Room6_1",33554432,2,[[[4,-448,[0,"9apv4lvilB97T5+UujU8+1"]],-449],4,1],[1,"f6ieZJ+dpNcYPmbY5DkTAP",null,null,null,1,0],[1,301.983,-186.888,0]],[5,"Room7_1",33554432,2,[[[4,-450,[0,"bdsd/YzdBPL6Z6vnFgTiRC"]],-451],4,1],[1,"c1CcMKoU1OmroWbUkNEM1r",null,null,null,1,0],[1,-211.066,-213.681,0]],[5,"Room8_1",33554432,2,[[[4,-452,[0,"e6ASwoR8xDwIetlsLKvsHr"]],-453],4,1],[1,"5chOb7+DxB1Y2Txu3+DxNF",null,null,null,1,0],[1,23.888,-303.47,0]],[6,"left",33554432,27,[[2,-454,[0,"89y8hDyqFI87IArhSAgQ3k"],[5,50,36]],[9,-455,[0,"638wJUUvtH+YQo3BtLofaa"],10]],[1,"21FdUZTtFLtrhVdTkr4NFb",null,null,null,1,0],[1,-23.947,0,0]],[6,"right",33554432,27,[[2,-456,[0,"0fA3oE+P5LZJ+BAuBtaOFR"],[5,48,36]],[9,-457,[0,"c64dRiYqRKaLpPJ60tCb3J"],11]],[1,"eeWGBPpilEPKA0bF/XEnNl",null,null,null,1,0],[1,21.286,0,0]],[6,"left",33554432,28,[[2,-458,[0,"16Yejjd1NFwaEhGeLiJijs"],[5,50,36]],[9,-459,[0,"39D/tJDKBLcKTKUhgPZmgB"],17]],[1,"93yd6fCcBFpL6KSI3eDX1S",null,null,null,1,0],[1,-23.947,0,0]],[6,"right",33554432,28,[[2,-460,[0,"ddV3YQ1iFFW4Gm1hGElUgk"],[5,48,36]],[9,-461,[0,"e1qFWnMd1MQ4mFkziycMLL"],18]],[1,"c8dH7jk31OZYAVtGOqLhyp",null,null,null,1,0],[1,21.286,0,0]],[6,"left",33554432,29,[[2,-462,[0,"17PWVJDRBHh4hU8qW4U35y"],[5,50,36]],[9,-463,[0,"c784QbGAdPWoVrHCyYZIT8"],30]],[1,"dbb+lBHCNKlbDuUoaR6uvd",null,null,null,1,0],[1,-23.947,0,0]],[6,"right",33554432,29,[[2,-464,[0,"3c6nBC4gBES7nA7fKVqsPu"],[5,48,36]],[9,-465,[0,"6bsR5bWlFOOooZegVfbHqy"],31]],[1,"0cUruun8pHRr8BeOyajhXn",null,null,null,1,0],[1,21.286,0,0]],[6,"left",33554432,30,[[2,-466,[0,"94fq1zsNFHFqf/Oj+W5UvT"],[5,50,36]],[9,-467,[0,"f9Yj2/I7hLm63Rf6dcqXeT"],49]],[1,"29sbBhm7pBG618IOOS1ls4",null,null,null,1,0],[1,-23.947,0,0]],[6,"right",33554432,30,[[2,-468,[0,"6bEqDQfJ9BnpQYjXoQxpr4"],[5,48,36]],[9,-469,[0,"556gjpkZ5C44GZeP+zzJR3"],50]],[1,"fbwjdccx9GjqdV2h6c2dbp",null,null,null,1,0],[1,21.286,0,0]],[6,"ui_monkey_button_image_01",33554432,17,[[2,-470,[0,"e9oYbyJzRJRqcfNM0C44c1"],[5,288.1,67]],[8,1,0,-471,[0,"a6zC3z2B5B5Kk8rGrwmk1K"],58]],[1,"de/TKglCJK76OjLJ5ph3ti",null,null,null,1,0],[1,114.859,0,0]],[10,"ui_monkey_icon_0",33554432,17,[[2,-472,[0,"a5KhN1uWJMKLyyRsxW7pZ8"],[5,102,91]],[9,-473,[0,"763Wqw9kZKiq0eVmIRPMbu"],59]],[1,"909k2+659MEJBkZ2o3Fq4i",null,null,null,1,0]],[6,"ui_killer_attack_02",33554432,15,[[2,-474,[0,"a9iNKy5cJCNq/LlpDQ6urZ"],[5,150,150]],[15,0,-475,[0,"bdpxJm4HFFOY4FgUESqAKi"],65]],[1,"928/PbHXJCqatVOw33o3nY",null,null,null,1,0],[1,-172.853,729.556,0]],[47,"CDLable",512,false,33554432,18,[[2,-476,[0,"abSukL3r5DxJO70qUfR1H0"],[5,116.4,86.1]],[67,"",2,70,70,1,false,true,true,1,-477,[0,"3czgW+KgBCY4E5Ll46Q4uk"],[4,4280997119]]],[1,"c4K+YVP1VC15Jo3sacvPQW",null,null,null,1,0],[1,64.118,5.537,0]],[6,"btnbg",33554432,4,[[2,-478,[0,"83uqFFEYVIr6socje3cLpc"],[5,397,112]],[9,-479,[0,"e4d7S+jTpOGb3bTnmqBFr/"],78]],[1,"96rKZufD5PybIYweIDW6OR",null,null,null,1,0],[1,0,-16.905,0]],[6,"mini_glod",33554432,16,[[2,-480,[0,"00NhOFeI1CDbL1EKr8MI0G"],[5,40,40]],[15,0,-481,[0,"ccZz35PKtK6IkxGoKMlH9b"],79]],[1,"55n9Fypw9GrYADR7vEsZDo",null,null,null,1,0],[1,-36.35300000000001,5.423000000000002,0]],[48,"down",33554432,16,[[2,-482,[0,"4citIk4ghKrrTA6Ra3bmpG"],[5,96,49]],[15,0,-483,[0,"c8WVXkhotF0oeSCJ8vDYEQ"],80]],[1,"06MZ04nzRF2ZsZFvThbgFj",null,null,null,1,0],[1,51.778,5.423,0],[1,0.3,0.3,1]],[6,"mini_glod",33554432,20,[[2,-484,[0,"3dxzt7IItGXYZFK7+4gQJV"],[5,32,32]],[15,0,-485,[0,"7404zHlNxFD7DT4K6AYFHM"],81]],[1,"97atiev7VPz7nonyuR3afc",null,null,null,1,0],[1,-38.527,0,0]],[10,"Label",33554432,20,[[2,-486,[0,"484g7OlEhP5qbjMttxgNxq"],[5,100,40]],[30,"10",20,20,1,false,-487,[0,"cd004gNy1Da6tg//5Vt0Zw"],[4,4278190080]]],[1,"a4CVn+RZBI8JXsMkbWchQ7",null,null,null,1,0]],[6,"mini_glod",33554432,21,[[2,-488,[0,"24LX4vvqtDr5LR7RlB4xpE"],[5,32,32]],[15,0,-489,[0,"d5KevJLItFh6fQBjA9s3tG"],83]],[1,"fdQHrpnhJOgpENBEm96XRx",null,null,null,1,0],[1,-38.527,0,0]],[10,"Label",33554432,21,[[2,-490,[0,"58mRcHdYZJb5sEX1G7TxlH"],[5,100,40]],[30,"50",20,20,1,false,-491,[0,"0fMw1eJbpAfKWLzTCpZ6Us"],[4,4278190080]]],[1,"c6Rbr/UURJV4VBCjwgsYs0",null,null,null,1,0]],[6,"mini_glod",33554432,22,[[2,-492,[0,"9d2oDCyh9ArLQ5F8ujSo9h"],[5,32,32]],[15,0,-493,[0,"f20QqBu5JKbrqhYPGTZl/e"],85]],[1,"b9R8XuafBNDJVfToJfa8gk",null,null,null,1,0],[1,-38.527,0,0]],[10,"Label",33554432,22,[[2,-494,[0,"bfNbFucVBPhZgjqPxBpBK7"],[5,100,40]],[30,"100",20,20,1,false,-495,[0,"d6CeasCVpHRYuKwHRhlaek"],[4,4278190080]]],[1,"56yvdBzc5ADqVhTQ+WP2CJ",null,null,null,1,0]],[6,"record_icon",33554432,23,[[2,-496,[0,"eakzKpN3xFIo2dYoJd6a9h"],[5,42,42]],[15,0,-497,[0,"40Ri9zId9CV5tq+GrdtmdL"],87]],[1,"dchMQR7FNF+rBWclcyHHE5",null,null,null,1,0],[1,-40,0,0]],[6,"rank_icon",33554432,24,[[2,-498,[0,"7d9YrA7fVMUpz1jKZgW246"],[5,42,42]],[15,0,-499,[0,"7d5amaA5JIvaDITCqNVRUV"],89]],[1,"0e44ne2dZB1buLgOlePK95",null,null,null,1,0],[1,-40,0,0]],[7,91,[0,"9emvPfOa1BIoZ49mbF0aGv"]],[7,92,[0,"cc0G5/qQ9A2qBVFsQTH2fh"]],[7,95,[0,"74cCh+pGFKLp+pfHVaKVdr"]],[7,97,[0,"0c8Ct+TUJFTrBYzhfWws0N"]],[7,98,[0,"2a+CYci2dMuLcdXpC/a2lv"]],[7,99,[0,"80CgrfbVhDeo3+nSDT9AiG"]],[7,100,[0,"63XGS2lrxFzZ9xBs44ioPT"]],[7,101,[0,"197CVckJNL1Zac6/wyPZy0"]],[7,102,[0,"39t1kMakxBn55wim5QV/w7"]],[7,105,[0,"14uxxlYfBEWIgOLlAQTAem"]],[7,117,[0,"746C1G2AFKG6EM2xaEHjc+"]],[7,118,[0,"feOUFN3WFEaLCLxr0QnlmH"]],[7,119,[0,"6dVUDpVnpE8LD7PH7m4ZpG"]],[7,120,[0,"93oDpbNahKYYdUuBE28lOL"]],[7,121,[0,"3cg8iSiKlDlIi+7shoaLFz"]],[7,122,[0,"1dDndC9yNNE6hdaRq2TQDP"]],[7,123,[0,"a9wRI/O3JJgLDQ2jh6vSuB"]],[7,124,[0,"42ef6GQOVPa4iaxdvesBgA"]],[71,2,[0,"efDjwUXPxLjrgWo0EJ+KZ6"],148,149,[[72,104,[5,6,34,153,158,104]],[24,2,157,[5,6,34,151,159,41]],[24,3,107,[5,6,34,160,107]],[24,4,109,[5,6,34,152,161,109]],[24,5,111,[5,6,154,162,111]],[24,6,41,[5,6,150,163,41]],[24,7,114,[5,6,155,164,114]],[24,8,116,[5,6,156,165,116]]]],[14,1,0,42,[0,"4cmMHBc21CVJnhRDBpfiOT"]],[14,1,0,47,[0,"00tQi8yGJO+JXM5btOE74/"]],[14,1,0,52,[0,"e0EJViP65KOoiqdzX15jJg"]],[14,1,0,57,[0,"2dWxOdQ2JAiaIYp2XbRQqb"]],[14,1,0,63,[0,"07fb0KoEBILYlDSdppux2H"]],[14,1,0,68,[0,"3at3/TGDtPnp0psX/fkYKV"]],[14,1,0,73,[0,"522DJO5AFEvZcx9SvLu2Pf"]],[14,1,0,78,[0,"fbpWGGDpRDK6Af7P/aQfIb"]]],0,[0,11,1,0,0,1,0,0,1,0,12,166,0,13,19,0,0,1,0,-1,40,0,-2,15,0,0,2,0,-2,166,0,-1,91,0,-2,92,0,-3,93,0,-4,94,0,-5,95,0,-6,96,0,-7,97,0,-8,98,0,-9,99,0,-10,100,0,-11,101,0,-12,102,0,-13,103,0,-14,105,0,-15,106,0,-16,108,0,-17,110,0,-18,112,0,-19,113,0,-20,115,0,-21,117,0,-22,118,0,-23,119,0,-24,120,0,-25,121,0,-26,122,0,-27,123,0,-28,124,0,0,3,0,-1,7,0,-2,8,0,-3,9,0,-4,10,0,-5,11,0,-6,12,0,-7,13,0,-8,14,0,0,4,0,0,4,0,-1,85,0,-2,137,0,-3,32,0,-4,16,0,-5,19,0,-6,23,0,-7,24,0,0,7,0,0,7,0,5,167,0,2,7,0,0,7,0,-1,35,0,-2,42,0,-3,43,0,-4,45,0,0,8,0,0,8,0,5,168,0,2,8,0,0,8,0,-1,27,0,-2,47,0,-3,48,0,-4,50,0,0,9,0,0,9,0,5,169,0,2,9,0,0,9,0,-1,28,0,-2,52,0,-3,53,0,-4,55,0,0,10,0,0,10,0,5,170,0,2,10,0,0,10,0,-1,57,0,-2,58,0,-3,59,0,-4,61,0,0,11,0,0,11,0,5,171,0,2,11,0,0,11,0,-1,29,0,-2,63,0,-3,64,0,-4,66,0,0,12,0,0,12,0,5,172,0,2,12,0,0,12,0,-1,36,0,-2,68,0,-3,69,0,-4,71,0,0,13,0,0,13,0,5,173,0,2,13,0,0,13,0,-1,37,0,-2,73,0,-3,74,0,-4,76,0,0,14,0,0,14,0,5,174,0,2,14,0,0,14,0,-1,30,0,-2,78,0,-3,79,0,-4,81,0,0,15,0,0,15,0,-1,17,0,-2,135,0,-3,18,0,-4,84,0,-5,31,0,0,16,0,0,16,0,2,16,0,0,16,0,0,16,0,-1,138,0,-2,86,0,-3,139,0,0,17,0,0,17,0,2,17,0,0,17,0,-1,133,0,-2,134,0,-3,83,0,0,18,0,0,18,0,2,18,0,0,18,0,0,18,0,-1,136,0,-2,38,0,0,19,0,0,19,0,-1,20,0,-2,21,0,-3,22,0,0,20,0,0,20,0,2,20,0,0,20,0,-1,140,0,-2,141,0,0,21,0,0,21,0,2,21,0,0,21,0,-1,142,0,-2,143,0,0,22,0,0,22,0,2,22,0,0,22,0,-1,144,0,-2,145,0,0,23,0,0,23,0,2,23,0,0,23,0,-1,146,0,-2,87,0,0,24,0,0,24,0,2,24,0,0,24,0,-1,147,0,-2,88,0,0,25,0,0,25,0,-1,26,0,0,26,0,0,26,0,0,26,0,-1,89,0,-2,90,0,0,27,0,0,27,0,0,27,0,-1,125,0,-2,126,0,0,28,0,0,28,0,0,28,0,-1,127,0,-2,128,0,0,29,0,0,29,0,0,29,0,-1,129,0,-2,130,0,0,30,0,0,30,0,0,30,0,-1,131,0,-2,132,0,0,31,0,0,31,0,2,31,0,0,31,0,0,31,0,0,32,0,0,32,0,2,32,0,0,32,0,-1,33,0,0,33,0,0,33,0,0,33,0,0,33,0,0,33,0,0,35,0,0,35,0,0,35,0,0,35,0,0,36,0,0,36,0,0,36,0,0,36,0,0,37,0,0,37,0,0,37,0,0,37,0,0,38,0,0,38,0,0,38,0,0,38,0,0,39,0,0,39,0,0,39,0,0,39,0,0,40,0,0,40,0,0,42,0,-2,167,0,0,42,0,0,43,0,0,43,0,-1,44,0,0,44,0,0,44,0,0,44,0,0,45,0,0,45,0,-1,46,0,0,46,0,0,46,0,0,46,0,0,47,0,-2,168,0,0,47,0,0,48,0,0,48,0,-1,49,0,0,49,0,0,49,0,0,49,0,0,50,0,0,50,0,-1,51,0,0,51,0,0,51,0,0,51,0,0,52,0,-2,169,0,0,52,0,0,53,0,0,53,0,-1,54,0,0,54,0,0,54,0,0,54,0,0,55,0,0,55,0,-1,56,0,0,56,0,0,56,0,0,56,0,0,57,0,-2,170,0,0,57,0,0,58,0,0,58,0,0,58,0,0,59,0,0,59,0,-1,60,0,0,60,0,0,60,0,0,60,0,0,61,0,0,61,0,-1,62,0,0,62,0,0,62,0,0,62,0,0,63,0,-2,171,0,0,63,0,0,64,0,0,64,0,-1,65,0,0,65,0,0,65,0,0,65,0,0,66,0,0,66,0,-1,67,0,0,67,0,0,67,0,0,67,0,0,68,0,-2,172,0,0,68,0,0,69,0,0,69,0,-1,70,0,0,70,0,0,70,0,0,70,0,0,71,0,0,71,0,-1,72,0,0,72,0,0,72,0,0,72,0,0,73,0,-2,173,0,0,73,0,0,74,0,0,74,0,-1,75,0,0,75,0,0,75,0,0,75,0,0,76,0,0,76,0,-1,77,0,0,77,0,0,77,0,0,77,0,0,78,0,-2,174,0,0,78,0,0,79,0,0,79,0,-1,80,0,0,80,0,0,80,0,0,80,0,0,81,0,0,81,0,-1,82,0,0,82,0,0,82,0,0,82,0,0,83,0,0,83,0,0,83,0,0,84,0,0,84,0,0,85,0,0,85,0,0,85,0,0,86,0,0,86,0,0,86,0,0,87,0,0,87,0,0,87,0,0,88,0,0,88,0,0,88,0,0,89,0,0,89,0,0,90,0,0,90,0,0,91,0,-2,148,0,0,92,0,-2,149,0,0,93,0,0,94,0,0,95,0,-2,150,0,0,96,0,0,97,0,-2,151,0,0,98,0,-2,152,0,0,99,0,-2,153,0,0,100,0,-2,154,0,0,101,0,-2,155,0,0,102,0,-2,156,0,0,103,0,-2,104,0,0,105,0,-2,157,0,0,106,0,-2,107,0,0,108,0,-2,109,0,0,110,0,-2,111,0,0,112,0,0,113,0,-2,114,0,0,115,0,-2,116,0,0,117,0,-2,158,0,0,118,0,-2,159,0,0,119,0,-2,160,0,0,120,0,-2,161,0,0,121,0,-2,162,0,0,122,0,-2,163,0,0,123,0,-2,164,0,0,124,0,-2,165,0,0,125,0,0,125,0,0,126,0,0,126,0,0,127,0,0,127,0,0,128,0,0,128,0,0,129,0,0,129,0,0,130,0,0,130,0,0,131,0,0,131,0,0,132,0,0,132,0,0,133,0,0,133,0,0,134,0,0,134,0,0,135,0,0,135,0,0,136,0,0,136,0,0,137,0,0,137,0,0,138,0,0,138,0,0,139,0,0,139,0,0,140,0,0,140,0,0,141,0,0,141,0,0,142,0,0,142,0,0,143,0,0,143,0,0,144,0,0,144,0,0,145,0,0,145,0,0,146,0,0,146,0,0,147,0,0,147,0,14,1,2,6,25,3,6,25,4,6,15,5,0,93,6,0,94,25,6,40,34,0,96,39,6,84,41,0,112,499],[0,0,0,0,0,0,0,0,0,0,0,0,0,0,0,0,0,0,0,0,0,0,0,0,0,0,0,0,0,0,0,0,0,0,0,0,0,0,0,0,0,0,0,0,0,0,0,0,0,0,0,0,0,0,0,0,0,0,0,0,0,0,0,0,0,0,0,0,0,0,0,0,0,0,0,0,0,0,0,0,0,0,0,0,0,0,0,0,0,0,0,167,168,169,170,171,172,173,174],[1,1,-1,3,1,-1,3,1,1,1,1,1,-2,3,1,1,1,1,1,-1,3,1,1,1,1,-1,3,1,1,1,1,1,-1,3,1,1,1,1,-1,3,1,1,1,1,-1,3,1,1,1,1,1,-1,3,1,1,1,1,1,1,1,1,7,8,9,10,1,1,7,8,9,10,1,1,7,8,9,10,1,1,1,1,1,1,1,1,1,1,1,1,1,1,1,1,1,1,1,1,1,1],[19,20,10,10,5,11,11,2,0,1,5,6,4,4,2,0,1,5,6,4,4,2,0,1,7,12,12,2,0,1,5,6,4,4,2,0,1,7,13,13,2,0,1,7,14,14,2,0,1,5,6,4,4,2,0,1,21,22,23,0,0,0,1,8,9,24,15,15,1,8,9,25,1,1,1,8,9,3,26,0,27,0,2,0,2,0,2,28,1,29,1,3,3,3,3,3,3,3,3]],[[{"name":"ui_battleroyale_room","rect":{"x":0,"y":0,"width":750,"height":918},"offset":{"x":0,"y":0},"originalSize":{"width":750,"height":918},"rotated":false,"capInsets":[0,0,0,0],"vertices":{"rawPosition":[-375,-459,0,375,-459,0,-375,459,0,375,459,0],"indexes":[0,1,2,2,1,3],"uv":[0,918,750,918,0,0,750,0],"nuv":[0,0,1,0,0,1,1,1],"minPos":{"x":-375,"y":-459,"z":0},"maxPos":{"x":375,"y":459,"z":0}},"packable":true,"pixelsToUnit":100,"pivot":{"x":0.5,"y":0.5},"meshType":0}],[2],0,[0],[4],[30]],[[{"name":"ui_battleroyale_door_01_1","rect":{"x":0,"y":0,"width":88,"height":35},"offset":{"x":0,"y":0},"originalSize":{"width":88,"height":35},"rotated":false,"capInsets":[0,0,0,0],"vertices":{"rawPosition":[-44,-17.5,0,44,-17.5,0,-44,17.5,0,44,17.5,0],"indexes":[0,1,2,2,1,3],"uv":[0,35,88,35,0,0,88,0],"nuv":[0,0,1,0,0,1,1,1],"minPos":{"x":-44,"y":-17.5,"z":0},"maxPos":{"x":44,"y":17.5,"z":0}},"packable":true,"pixelsToUnit":100,"pivot":{"x":0.5,"y":0.5},"meshType":0}],[2],0,[0],[4],[31]],[[{"name":"ui_battleroyale_door_01","rect":{"x":0,"y":0,"width":88,"height":35},"offset":{"x":0,"y":0},"originalSize":{"width":88,"height":35},"rotated":false,"capInsets":[0,0,0,0],"vertices":{"rawPosition":[-44,-17.5,0,44,-17.5,0,-44,17.5,0,44,17.5,0],"indexes":[0,1,2,2,1,3],"uv":[0,35,88,35,0,0,88,0],"nuv":[0,0,1,0,0,1,1,1],"minPos":{"x":-44,"y":-17.5,"z":0},"maxPos":{"x":44,"y":17.5,"z":0}},"packable":true,"pixelsToUnit":100,"pivot":{"x":0.5,"y":0.5},"meshType":0}],[2],0,[0],[4],[32]],[[{"name":"ui_battleroyale_bg","rect":{"x":0,"y":0,"width":750,"height":1667},"offset":{"x":0,"y":0},"originalSize":{"width":750,"height":1667},"rotated":false,"capInsets":[0,0,0,0],"vertices":{"rawPosition":[-375,-833.5,0,375,-833.5,0,-375,833.5,0,375,833.5,0],"indexes":[0,1,2,2,1,3],"uv":[0,1667,750,1667,0,0,750,0],"nuv":[0,0,1,0,0,1,1,1],"minPos":{"x":-375,"y":-833.5,"z":0},"maxPos":{"x":375,"y":833.5,"z":0}},"packable":false,"pixelsToUnit":100,"pivot":{"x":0.5,"y":0.5},"meshType":0}],[2],0,[0],[4],[33]],[[{"name":"ui_battleroyale_door_04","rect":{"x":0,"y":0,"width":25,"height":55},"offset":{"x":0,"y":0},"originalSize":{"width":25,"height":55},"rotated":false,"capInsets":[0,0,0,0],"vertices":{"rawPosition":[-12.5,-27.5,0,12.5,-27.5,0,-12.5,27.5,0,12.5,27.5,0],"indexes":[0,1,2,2,1,3],"uv":[0,55,25,55,0,0,25,0],"nuv":[0,0,1,0,0,1,1,1],"minPos":{"x":-12.5,"y":-27.5,"z":0},"maxPos":{"x":12.5,"y":27.5,"z":0}},"packable":true,"pixelsToUnit":100,"pivot":{"x":0.5,"y":0.5},"meshType":0}],[2],0,[0],[4],[34]]]]
