[1,["56oL/DaG1OhbsmX1poVa4G@f9941","20g1ukYUVPvKWKBRznAKo+@f9941","54TknWPwVPqJqeCR+Y/Czo@f9941","95EkngnxZFbYuFpsqVTaFr@f9941","20g1ukYUVPvKWKBRznAKo+@6c48a","f9z7ypnzVN2oklZONObpgC@f9941","54TknWPwVPqJqeCR+Y/Czo@6c48a","95EkngnxZFbYuFpsqVTaFr@6c48a"],["node","_textureSource","_spriteFrame","_target","_normalSprite","_hoverSprite","_pressedSprite","_disabledSprite","root","lab_cancel","lab_ok","lab_content","lab_title","data"],[["cc.Label",["_string","_actualFontSize","_fontSize","_cacheMode","_overflow","_enableWrapText","_name","node","__prefab","_color"],-4,1,4,5],"cc.SpriteFrame",["cc.Node",["_name","_layer","_children","_components","_prefab","_parent","_lpos"],1,2,9,4,1,5],["cc.Node",["_name","_layer","_parent","_components","_prefab","_lpos"],1,1,12,4,5],["cc.UITransform",["_name","node","__prefab","_contentSize"],2,1,4,5],["cc.Sprite",["_name","_type","_sizeMode","node","__prefab","_spriteFrame"],0,1,4,6],["cc.Widget",["_alignFlags","_bottom","_name","_left","_right","node","__prefab"],-2,1,4],["110c8vEd5NEPL/N9meGQnaX",["_name","node","__prefab"],2,1,4],["cc.Prefab",["_name"],2],["cc.CompPrefabInfo",["fileId"],2],["653bf8VPC5Fn49zFJFqXVgx",["node","__prefab","lab_title","lab_content","lab_ok","lab_cancel"],3,1,4,1,1,1,1],["cc.PrefabInfo",["fileId","instance","targetOverrides","nestedPrefabInstanceRoots","root","asset"],-1,1,1],["cc.Button",["_name","_transition","_zoomScale","node","__prefab","clickEvents","_normalColor","_target","_normalSprite","_hoverSprite","_pressedSprite","_disabledSprite"],0,1,4,9,5,1,6,6,6,6],["cc.ClickEvent",["_componentId","handler","target"],1,1]],[[9,0,2],[11,0,1,2,3,4,5,5],[4,1,2,3,1],[4,0,1,2,3,2],[7,0,1,2,2],[2,0,1,5,2,3,4,6,3],[3,0,1,2,3,4,5,3],[3,0,1,2,3,4,3],[5,0,1,2,3,4,5,4],[12,0,1,2,3,4,5,6,7,8,9,10,11,4],[13,0,1,2,3],[8,0,2],[2,0,1,2,3,4,3],[5,3,4,5,1],[10,0,1,2,3,4,5,1],[6,2,0,3,1,5,6,5],[6,0,4,1,5,6,4],[0,0,1,2,3,7,8,5],[0,0,1,2,4,3,7,8,6],[0,6,0,1,2,4,5,3,7,8,9,8],[0,0,1,2,4,5,3,7,8,9,7],[7,1,2,1]],[[[{"name":"default_btn_normal","rect":{"x":0,"y":0,"width":40,"height":40},"offset":{"x":0,"y":0},"originalSize":{"width":40,"height":40},"rotated":false,"capInsets":[12,12,12,12],"vertices":{"rawPosition":[-20,-20,0,20,-20,0,-20,20,0,20,20,0],"indexes":[0,1,2,2,1,3],"uv":[0,40,40,40,0,0,40,0],"nuv":[0,0,1,0,0,1,1,1],"minPos":{"x":-20,"y":-20,"z":0},"maxPos":{"x":20,"y":20,"z":0}},"packable":true,"pixelsToUnit":100,"pivot":{"x":0.5,"y":0.5},"meshType":0}],[1],0,[0],[1],[4]],[[[11,"confirm"],[12,"confirm",33554432,[-9,-10,-11,-12],[[2,-2,[0,"37o1ko8nFK1oK3xmkqtwMG"],[5,478,320]],[13,-3,[0,"a0vC/W2QdFb7e69t18Gf21"],10],[14,-8,[0,"92SJypfohE74p2ebUwinVx"],-7,-6,-5,-4]],[1,"c7ZN3fr+hJoZmUZs2A0Ye0",null,null,null,-1,0]],[5,"btn_ok",33554432,1,[-18],[[3,"btn_ok<UITransform>",-13,[0,"f7xQN8U0NKuYCTfCHfwIz2"],[5,100,40]],[8,"btn_ok<Sprite>",1,0,-14,[0,"3dr+KXw4lC5oS1lceuHGsr"],0],[9,"btn_ok<Button>",3,0.9,-16,[0,"64+udhPrdI4oLL+6S6rR5C"],[[10,"653bf8VPC5Fn49zFJFqXVgx","onTouchEnd",1]],[4,4292269782],-15,1,2,3,4],[15,"btn_ok<Widget>",12,100,40,-17,[0,"37gJva6bdFs6GgPAU1af2N"]]],[1,"fdFk91GVpJKo4VT/zlGejW",null,null,null,1,0],[1,-89,-100,0]],[5,"btn_cancel",33554432,1,[-24],[[3,"btn_cancel<UITransform>",-19,[0,"79W4eqKFxMapzMreg0cRB3"],[5,100,40]],[8,"btn_cancel<Sprite>",1,0,-20,[0,"08v+UeZXZH+a5Tu0BOuubs"],5],[9,"btn_cancel<Button>",3,0.9,-22,[0,"23mGTQh9JPcaNniCjfDZ/c"],[[10,"653bf8VPC5Fn49zFJFqXVgx","onTouchEnd",1]],[4,4292269782],-21,6,7,8,9],[16,36,100,40,-23,[0,"ffeyp+r3tEe67JwpieOoNw"]]],[1,"3aIfIm6bVFaK62tZkb2Iic",null,null,null,1,0],[1,89,-100,0]],[6,"lab_title",33554432,1,[[[2,-25,[0,"1c9xohlJtL3bm53voN5DeV"],[5,60,50.4]],[17,"标题",30,30,1,-26,[0,"26eZlgc6xJWqYRq4rBoG6R"]],-27],4,4,1],[1,"42TIPOfhhM7ra85tXw74QR",null,null,null,1,0],[1,0,114,0]],[6,"lab_content",33554432,1,[[[2,-28,[0,"49SU+NRCVFC7lotcT5Arsj"],[5,420,50.4]],[18,"内容",26,26,3,1,-29,[0,"867mEteZhIVLc5LxzUTUW5"]],-30],4,4,1],[1,"7fk7nP/NJBI7+oI60VkgZO",null,null,null,1,0],[1,0,12,0]],[7,"lab_ok",33554432,2,[[[3,"Label<UITransform>",-31,[0,"44bD80KHZProBBM3AMP1KY"],[5,100,40]],[19,"Label<Label>","确认",20,20,1,false,1,-32,[0,"83w7Pp8C1M6Kt+xac8Iku4"],[4,4278190080]],-33],4,4,1],[1,"79ujcxm8RNi7nnpjL7+jNw",null,null,null,1,0]],[7,"lab_cancal",33554432,3,[[[2,-34,[0,"73nkyWjZ9I/oxF+6QfBLqr"],[5,100,40]],[20,"取消",20,20,1,false,1,-35,[0,"0eYsv4mJlIa7/bSpPQvt+7"],[4,4278190080]],-36],4,4,1],[1,"38cZMAuzVCOJPotiPg+6BM",null,null,null,1,0]],[4,"lab_ok<LanguageLabel>",4,[0,"12QljFj4dG9LVb4oZYMNmY"]],[4,"lab_ok<LanguageLabel>",5,[0,"fdJ1rAAmlDeqjsBHa5gesk"]],[21,6,[0,"a6mROSd8pJA6FVDucSlwDW"]],[4,"lab_ok<LanguageLabel>",7,[0,"c5vY7CEaJOBbvqXXwmsDAU"]]],0,[0,8,1,0,0,1,0,0,1,0,9,11,0,10,10,0,11,9,0,12,8,0,0,1,0,-1,4,0,-2,5,0,-3,2,0,-4,3,0,0,2,0,0,2,0,3,2,0,0,2,0,0,2,0,-1,6,0,0,3,0,0,3,0,3,3,0,0,3,0,0,3,0,-1,7,0,0,4,0,0,4,0,-3,8,0,0,5,0,0,5,0,-3,9,0,0,6,0,0,6,0,-3,10,0,0,7,0,0,7,0,-3,11,0,13,1,36],[0,0,0,0,0,0,0,0,0,0,0],[2,4,5,6,7,2,4,5,6,7,2],[0,0,1,2,3,0,0,1,2,3,5]],[[{"name":"default_btn_pressed","rect":{"x":0,"y":0,"width":40,"height":40},"offset":{"x":0,"y":0},"originalSize":{"width":40,"height":40},"rotated":false,"capInsets":[12,12,12,12],"vertices":{"rawPosition":[-20,-20,0,20,-20,0,-20,20,0,20,20,0],"indexes":[0,1,2,2,1,3],"uv":[0,40,40,40,0,0,40,0],"nuv":[0,0,1,0,0,1,1,1],"minPos":{"x":-20,"y":-20,"z":0},"maxPos":{"x":20,"y":20,"z":0}},"packable":true,"pixelsToUnit":100,"pivot":{"x":0.5,"y":0.5},"meshType":0}],[1],0,[0],[1],[6]],[[{"name":"default_btn_disabled","rect":{"x":0,"y":0,"width":40,"height":40},"offset":{"x":0,"y":0},"originalSize":{"width":40,"height":40},"rotated":false,"capInsets":[12,12,12,12],"vertices":{"rawPosition":[-20,-20,0,20,-20,0,-20,20,0,20,20,0],"indexes":[0,1,2,2,1,3],"uv":[0,40,40,40,0,0,40,0],"nuv":[0,0,1,0,0,1,1,1],"minPos":{"x":-20,"y":-20,"z":0},"maxPos":{"x":20,"y":20,"z":0}},"packable":true,"pixelsToUnit":100,"pivot":{"x":0.5,"y":0.5},"meshType":0}],[1],0,[0],[1],[7]]]]
