[1,["38NUoP0kpIWYvmU2RdoS0R@6c48a","38NUoP0kpIWYvmU2RdoS0R@f9941"],["_textureSource","spriteFrame"],["cc.SpriteFrame",["cc.BitmapFont",["_name","fontSize","fntConfig"],0]],[[1,0,1,2,4]],[[[{"name":"font_yellow","rect":{"x":0,"y":0,"width":253,"height":105},"offset":{"x":-1.5,"y":75.5},"originalSize":{"width":256,"height":256},"rotated":false,"capInsets":[0,0,0,0],"vertices":{"rawPosition":[-126.5,-52.5,0,126.5,-52.5,0,-126.5,52.5,0,126.5,52.5,0],"indexes":[0,1,2,2,1,3],"uv":[0,256,253,256,0,151,253,151],"nuv":[0,0.58984375,0.98828125,0.58984375,0,1,0.98828125,1],"minPos":{"x":-126.5,"y":-52.5,"z":0},"maxPos":{"x":126.5,"y":52.5,"z":0}},"packable":true,"pixelsToUnit":100,"pivot":{"x":0.5,"y":0.5},"meshType":0}],[0],0,[0],[0],[0]],[[[0,"font_yellow",54,{"commonHeight":53,"fontSize":54,"atlasName":"font_yellow.png","fontDefDictionary":{"43":{"xOffset":0,"yOffset":0,"xAdvance":1,"rect":{"x":250,"y":0,"width":1,"height":1}},"45":{"xOffset":0,"yOffset":0,"xAdvance":1,"rect":{"x":251,"y":0,"width":1,"height":1}},"48":{"xOffset":0,"yOffset":0,"xAdvance":20,"rect":{"x":146,"y":0,"width":26,"height":58}},"49":{"xOffset":0,"yOffset":0,"xAdvance":14,"rect":{"x":75,"y":58,"width":20,"height":58}},"50":{"xOffset":0,"yOffset":0,"xAdvance":21,"rect":{"x":92,"y":0,"width":27,"height":58}},"51":{"xOffset":0,"yOffset":0,"xAdvance":20,"rect":{"x":172,"y":0,"width":26,"height":58}},"52":{"xOffset":0,"yOffset":0,"xAdvance":21,"rect":{"x":119,"y":0,"width":27,"height":58}},"53":{"xOffset":0,"yOffset":0,"xAdvance":19,"rect":{"x":26,"y":58,"width":25,"height":58}},"54":{"xOffset":0,"yOffset":0,"xAdvance":20,"rect":{"x":198,"y":0,"width":26,"height":58}},"55":{"xOffset":0,"yOffset":0,"xAdvance":18,"rect":{"x":51,"y":58,"width":24,"height":58}},"56":{"xOffset":0,"yOffset":0,"xAdvance":20,"rect":{"x":224,"y":0,"width":26,"height":58}},"57":{"xOffset":0,"yOffset":0,"xAdvance":20,"rect":{"x":0,"y":58,"width":26,"height":58}},"103":{"xOffset":0,"yOffset":0,"xAdvance":67,"rect":{"x":0,"y":0,"width":92,"height":58}},"119":{"xOffset":0,"yOffset":0,"xAdvance":1,"rect":{"x":252,"y":0,"width":1,"height":1}}},"kerningDict":{}}]],0,0,[0],[1],[1]]]]
