[1,["88EgvYV/FNXp7Pq7kpToBU@6c48a","88EgvYV/FNXp7Pq7kpToBU@f9941","371DXfIIxN6LiOESP5SuWP@f9941"],["node","_spriteFrame","_textureSource","root","data"],[["cc.Node",["_name","_layer","_active","_components","_prefab","_parent","_children","_lpos"],0,9,4,1,2,5],["cc.UITransform",["node","__prefab","_contentSize","_anchorPoint"],3,1,4,5,5],["cc.Sprite",["_sizeMode","node","__prefab","_spriteFrame"],2,1,4,6],"cc.SpriteFrame",["cc.Prefab",["_name"],2],["cc.CompPrefabInfo",["fileId"],2],["f1531qNWidGmIXSKpcisjmO",["node","__prefab"],3,1,4],["cc.PrefabInfo",["fileId","instance","targetOverrides","nestedPrefabInstanceRoots","root","asset"],-1,1,1],["cc.RichText",["_string","_verticalAlign","_fontSize","_cacheMode","_handleTouchEvent","node","__prefab","_fontColor"],-2,1,4,5],["545c05XsG9GDJispEGWKvYv",["watchPath","labelType","node","__prefab"],1,1,4],["cc.Label",["_string","_horizontalAlign","_actualFontSize","_fontSize","_lineHeight","_enableOutline","_outlineWidth","node","__prefab"],-4,1,4]],[[5,0,2],[7,0,1,2,3,4,5,5],[1,0,1,2,1],[0,0,1,5,3,4,3],[0,0,2,1,5,3,4,7,4],[4,0,2],[0,0,1,6,3,4,3],[0,0,1,5,6,3,4,3],[0,0,1,5,3,4,7,3],[1,0,1,2,3,1],[1,0,1,1],[6,0,1,1],[8,0,1,2,3,4,5,6,7,6],[9,0,1,2,3,3],[2,0,1,2,3,2],[2,1,2,3,1],[10,0,1,2,3,4,5,6,7,8,8]],[[[{"name":"ic_monkey_killer_audience","rect":{"x":3,"y":0,"width":575,"height":472},"offset":{"x":0,"y":0},"originalSize":{"width":581,"height":472},"rotated":false,"capInsets":[0,0,0,0],"vertices":{"rawPosition":[-287.5,-236,0,287.5,-236,0,-287.5,236,0,287.5,236,0],"indexes":[0,1,2,2,1,3],"uv":[3,472,578,472,3,0,578,0],"nuv":[0.0051635111876075735,0,0.9948364888123924,0,0.0051635111876075735,1,0.9948364888123924,1],"minPos":{"x":-287.5,"y":-236,"z":0},"maxPos":{"x":287.5,"y":236,"z":0}},"packable":true,"pixelsToUnit":100,"pivot":{"x":0.5,"y":0.5},"meshType":0}],[3],0,[0],[2],[0]],[[[5,"Result"],[6,"Result",33554432,[-4,-5],[[2,-2,[0,"6b6C3k/G5ARJ7+lm6emqzI"],[5,581,472]],[11,-3,[0,"1cGWjPI7RDEoXakcIFIzxx"]]],[1,"c46/YsCPVOJYA4mWEpNYRx",null,null,null,-1,0]],[7,"NotTaskPartNode",33554432,1,[-7,-8,-9,-10],[[2,-6,[0,"6feLz/4EBPiq5GsrU85cbx"],[5,581,472]]],[1,"45DpPqpflAtI2wZF+Duj4i",null,null,null,1,0]],[8,"RichText",33554432,2,[[2,-11,[0,"97uZ7E1DJO5ImdnzKDfdoq"],[5,490.01953125,130.39999999999998]],[12,"杀手袭击了 <color=#ff0000>%%号房间</color> 后杀了所有人\n幸存者瓜分里面的宝石\n大是大非上对方",1,30,1,false,-12,[0,"deZWY8SrxJbZnTon2BN17l"],[4,4278190080]],[13,"*.content","cc.RichText",-13,[0,"49WtCzc8lF3rIdUEyx3QxZ"]]],[1,"631zwtD9VOYJrTMApUW2l3",null,null,null,1,0],[1,0,-78.732,0]],[3,"ic_monkey_killer_audience",33554432,2,[[2,-14,[0,"48j4y7/EhE6KbRlyoGsEzv"],[5,581,472]],[14,0,-15,[0,"beYRZoTcJEB42rLZHaOXeC"],0]],[1,"0eW5rEISVJC6uOOO96BA5Z",null,null,null,1,0]],[4,"ic_black_medal",false,33554432,2,[[2,-16,[0,"c5BdYFPJBDsqm4v8Ttl/Nr"],[5,40,40]],[15,-17,[0,"c2cCClaLNBIIe2JEIxeq21"],1]],[1,"01rwFspYdCKb/3KZHrmRbk",null,null,null,1,0],[1,-53,-147.915,0]],[4,"Label-Amount",false,33554432,2,[[9,-18,[0,"c73bTSeFdPHZomW9GVJiul"],[5,110.41688056979409,33.5],[0,0,0.5]],[16,"1000.00",0,40.839580209895054,30,25,true,1,-19,[0,"d8uDBEPgtKfowIoqwvaTF9"]]],[1,"a4CoCbjPdH443WV0tYD8WR",null,null,null,1,0],[1,-30,-147.915,0]],[3,"ClickNode",33554432,1,[[10,-20,[0,"cacddiq9ZCuogC96OW8Y7E"]]],[1,"07TmNpNn1CGoGm/in3Tz04",null,null,null,1,0]]],0,[0,3,1,0,0,1,0,0,1,0,-1,7,0,-2,2,0,0,2,0,-1,4,0,-2,3,0,-3,5,0,-4,6,0,0,3,0,0,3,0,0,3,0,0,4,0,0,4,0,0,5,0,0,5,0,0,6,0,0,6,0,0,7,0,4,1,20],[0,0],[1,1],[1,2]]]]
