[1,["7dj5uJT9FMn6OrOOx83tfK@f9941","7dj5uJT9FMn6OrOOx83tfK@6c48a"],["node","root","data","_spriteFrame","_textureSource"],["cc.SpriteFrame",["cc.Prefab",["_name"],2],["cc.Node",["_name","_layer","_components","_prefab"],1,9,4],["cc.UITransform",["node","__prefab","_contentSize"],3,1,4,5],["cc.CompPrefabInfo",["fileId"],2],["cc.Widget",["_alignFlags","_originalWidth","_originalHeight","node","__prefab"],0,1,4],["cc.Sprite",["_type","_sizeMode","node","__prefab","_color","_spriteFrame"],1,1,4,5,6],["cc.PrefabInfo",["fileId","instance","targetOverrides","nestedPrefabInstanceRoots","root","asset"],-1,1,1]],[[4,0,2],[1,0,2],[2,0,1,2,3,3],[3,0,1,2,1],[5,0,1,2,3,4,4],[6,0,1,2,3,4,5,3],[7,0,1,2,3,4,5,5]],[[[[1,"mask"],[2,"mask",33554432,[[3,-2,[0,"77N2cid5pKDpXplRH/AWEU"],[5,1200,720]],[4,45,2,2,-3,[0,"63zNQq8NlBQ5QWzOJ4Kgjs"]],[5,1,0,-4,[0,"08QaVy/ehM0oBtHFRmM2vy"],[4,1677721600],0]],[6,"a0daVw8DRLi6ToMaTA0VS2",null,null,null,-1,0]]],0,[0,1,1,0,0,1,0,0,1,0,0,1,0,2,1,4],[0],[3],[0]],[[{"name":"default_sprite_splash","rect":{"x":0,"y":0,"width":2,"height":2},"offset":{"x":0,"y":0},"originalSize":{"width":2,"height":2},"rotated":false,"capInsets":[0,0,0,0],"vertices":{"rawPosition":[-1,-1,0,1,-1,0,-1,1,0,1,1,0],"indexes":[0,1,2,2,1,3],"uv":[0,2,2,2,0,0,2,0],"nuv":[0,0,1,0,0,1,1,1],"minPos":{"x":-1,"y":-1,"z":0},"maxPos":{"x":1,"y":1,"z":0}},"packable":true,"pixelsToUnit":100,"pivot":{"x":0.5,"y":0.5},"meshType":0}],[0],0,[0],[4],[1]]]]
