[1,["c1D0Q2aX1CIbRsvd6YPGKS@6c48a"],["_textureSource"],["cc.SpriteFrame"],0,[{"name":"ui_ranking_title_en","rect":{"x":0,"y":0,"width":439,"height":51},"offset":{"x":0,"y":0},"originalSize":{"width":439,"height":51},"rotated":false,"capInsets":[0,0,0,0],"vertices":{"rawPosition":[-219.5,-25.5,0,219.5,-25.5,0,-219.5,25.5,0,219.5,25.5,0],"indexes":[0,1,2,2,1,3],"uv":[0,51,439,51,0,0,439,0],"nuv":[0,0,1,0,0,1,1,1],"minPos":{"x":-219.5,"y":-25.5,"z":0},"maxPos":{"x":219.5,"y":25.5,"z":0}},"packable":true,"pixelsToUnit":100,"pivot":{"x":0.5,"y":0.5},"meshType":0}],[0],0,[0],[0],[0]]
