[1,["21OXtXj01BBIDKCxQGNM9Y@6c48a","belVRSET9GEZecVqWQwCnb@6c48a","cfg/YBMv1MNLUeabeBdTs0@6c48a"],["_textureSource"],["cc.SpriteFrame"],0,[[[{"name":"ui_killer_attack_03","rect":{"x":5,"y":38,"width":222,"height":200},"offset":{"x":-9,"y":-13},"originalSize":{"width":250,"height":250},"rotated":false,"capInsets":[0,0,0,0],"vertices":{"rawPosition":[-111,-100,0,111,-100,0,-111,100,0,111,100,0],"indexes":[0,1,2,2,1,3],"uv":[5,212,227,212,5,12,227,12],"nuv":[0.02,0.048,0.908,0.048,0.02,0.848,0.908,0.848],"minPos":{"x":-111,"y":-100,"z":0},"maxPos":{"x":111,"y":100,"z":0}},"packable":true,"pixelsToUnit":100,"pivot":{"x":0.5,"y":0.5},"meshType":0}],[0],0,[0],[0],[0]],[[{"name":"ui_killer_attack_01","rect":{"x":46,"y":39,"width":181,"height":199},"offset":{"x":11.5,"y":-13.5},"originalSize":{"width":250,"height":250},"rotated":false,"capInsets":[0,0,0,0],"vertices":{"rawPosition":[-90.5,-99.5,0,90.5,-99.5,0,-90.5,99.5,0,90.5,99.5,0],"indexes":[0,1,2,2,1,3],"uv":[46,211,227,211,46,12,227,12],"nuv":[0.184,0.048,0.908,0.048,0.184,0.844,0.908,0.844],"minPos":{"x":-90.5,"y":-99.5,"z":0},"maxPos":{"x":90.5,"y":99.5,"z":0}},"packable":true,"pixelsToUnit":100,"pivot":{"x":0.5,"y":0.5},"meshType":0}],[0],0,[0],[0],[1]],[[{"name":"ui_killer_attack_02","rect":{"x":33,"y":19,"width":212,"height":219},"offset":{"x":14,"y":-3.5},"originalSize":{"width":250,"height":250},"rotated":false,"capInsets":[0,0,0,0],"vertices":{"rawPosition":[-106,-109.5,0,106,-109.5,0,-106,109.5,0,106,109.5,0],"indexes":[0,1,2,2,1,3],"uv":[33,231,245,231,33,12,245,12],"nuv":[0.132,0.048,0.98,0.048,0.132,0.924,0.98,0.924],"minPos":{"x":-106,"y":-109.5,"z":0},"maxPos":{"x":106,"y":109.5,"z":0}},"packable":true,"pixelsToUnit":100,"pivot":{"x":0.5,"y":0.5},"meshType":0}],[0],0,[0],[0],[2]]]]
