[1,["1drdTIRgdL6rQy0S81S6YD@6c48a","53E4GqXZtJH6M0ogqvXRd+@6c48a"],["_textureSource"],["cc.SpriteFrame"],0,[[[{"name":"2","rect":{"x":34,"y":11,"width":144,"height":174},"offset":{"x":6,"y":2},"originalSize":{"width":200,"height":200},"rotated":false,"capInsets":[0,0,0,0],"vertices":{"rawPosition":[-72,-87,0,72,-87,0,-72,87,0,72,87,0],"indexes":[0,1,2,2,1,3],"uv":[34,189,178,189,34,15,178,15],"nuv":[0.17,0.075,0.89,0.075,0.17,0.945,0.89,0.945],"minPos":{"x":-72,"y":-87,"z":0},"maxPos":{"x":72,"y":87,"z":0}},"packable":true,"pixelsToUnit":100,"pivot":{"x":0.5,"y":0.5},"meshType":0}],[0],0,[0],[0],[0]],[[{"name":"1","rect":{"x":34,"y":9,"width":145,"height":176},"offset":{"x":6.5,"y":3},"originalSize":{"width":200,"height":200},"rotated":false,"capInsets":[0,0,0,0],"vertices":{"rawPosition":[-72.5,-88,0,72.5,-88,0,-72.5,88,0,72.5,88,0],"indexes":[0,1,2,2,1,3],"uv":[34,191,179,191,34,15,179,15],"nuv":[0.17,0.075,0.895,0.075,0.17,0.955,0.895,0.955],"minPos":{"x":-72.5,"y":-88,"z":0},"maxPos":{"x":72.5,"y":88,"z":0}},"packable":true,"pixelsToUnit":100,"pivot":{"x":0.5,"y":0.5},"meshType":0}],[0],0,[0],[0],[1]]]]
