[1,["20g1ukYUVPvKWKBRznAKo+@f9941","a0f99P3g5DfIy44nENifa/@f9941","4cZRC55MZBHqDSHeFzUzVj@f9941","371DXfIIxN6LiOESP5SuWP@f9941","60uODnhnFMdriiEmgARvSp@f9941","54TknWPwVPqJqeCR+Y/Czo@f9941","95EkngnxZFbYuFpsqVTaFr@f9941","1ak/mMeWlB54fWUFzB87Y+@f9941","d1O2ywtlhJx4DQnnFrRqx5@f9941","0abRoCz6xAyYx+xOpoujXZ@f9941","f1Vkng1npJn5l7x+x40PTY@f9941","4fVX1tRDVBCaxcTcgjNtaF@f9941","cc1eo712dJe750/BSVrCof@f9941","2cqt40lGtHxZuwfAR5ck3p@f9941","05YK0LEQ1J5baIOoSytTlC@6c48a","28FoR2ir5J26oWuO7GpLlV@6c48a","295vlOwLNI+JxEJT9TElPz@6c48a","2cqt40lGtHxZuwfAR5ck3p@6c48a","371DXfIIxN6LiOESP5SuWP@6c48a","449BAuUEZMwqwXofWTWbC2@6c48a","4aYcI2DutBl506CdpG8bXN@f9941","83N7A/vv1JYI+cwKIUWMEI@f9941","d0siyprY5MN4vTB94VIs5d@57d1b","05YK0LEQ1J5baIOoSytTlC@f9941","295vlOwLNI+JxEJT9TElPz@f9941","15oU3HKVtJJawoATfK6kEO@f9941","50Fnvae0BI3oKX1hOUQXfj@f9941","a0tZoPBk5Mvp+RRhyCWZF8@f9941","6bsBJnhs1IOrhU3oO3oSM8@f9941","28FoR2ir5J26oWuO7GpLlV@f9941","c4Qw/tZeVIR7FupbEZWyKY@f9941","d2KOePk+dPIYL/nDx9MXoz@f9941","ddoQU9gstNeo89Znr7+n+U","4aYcI2DutBl506CdpG8bXN@6c48a","4cZRC55MZBHqDSHeFzUzVj@6c48a","6bsBJnhs1IOrhU3oO3oSM8@6c48a","a0f99P3g5DfIy44nENifa/@6c48a","a0tZoPBk5Mvp+RRhyCWZF8@6c48a","c4Qw/tZeVIR7FupbEZWyKY@6c48a","cc1eo712dJe750/BSVrCof@6c48a","d2KOePk+dPIYL/nDx9MXoz@6c48a","449BAuUEZMwqwXofWTWbC2@f9941","df7f6Z5jtDcp/UxXBO/EH0@f9941","df7f6Z5jtDcp/UxXBO/EH0@6c48a"],["node","_spriteFrame","_target","_textureSource","_parent","_normalSprite","_hoverSprite","_pressedSprite","_disabledSprite","root","data","betAmountMenu","stateTipsNode","countDownNode","pathRoot","AmountMenu","AmountItemPrefab","amount","button"],["cc.SpriteFrame",["cc.Node",["_name","_layer","_active","_objFlags","_components","_prefab","_parent","_lpos","_children","_lscale"],-1,9,4,1,5,2,5],["cc.Widget",["_alignFlags","_originalWidth","_originalHeight","_right","_top","_left","_bottom","_enabled","_isAbsLeft","_isAbsBottom","node","__prefab"],-7,1,4],["cc.Label",["_string","_actualFontSize","_fontSize","_overflow","_enableWrapText","_outlineWidth","_isBold","_cacheMode","_horizontalAlign","_enableOutline","_isItalic","node","__prefab","_color","_outlineColor"],-8,1,4,5,5],["cc.Sprite",["_type","_sizeMode","_enabled","node","__prefab","_spriteFrame","_color"],0,1,4,6,5],["cc.Button",["_enabled","_transition","node","__prefab","_normalColor","_target","clickEvents","_normalSprite","_hoverSprite","_pressedSprite","_disabledSprite"],1,1,4,5,1,9,6,6,6,6],["cc.Node",["_name","_layer","_components","_prefab","_parent","_children","_lpos"],1,12,4,1,2,5],["cc.UITransform",["node","__prefab","_contentSize","_anchorPoint"],3,1,4,5,5],["cc.ClickEvent",["_componentId","handler","customEventData","target"],0,1],["cc.LabelOutline",["_enabled","node","__prefab"],2,1,4],["110c8vEd5NEPL/N9meGQnaX",["_enabled","_dataID","node","__prefab"],1,1,4],["d34bfQt8TBB2amIbNOwQxBZ",["__prefab","node"],3,4,1],["RoomPath",["id","roomPoint","randomV2","monkeyPoint"],2,1,8,2],["cc.Prefab",["_name"],2],["cc.CompPrefabInfo",["fileId"],2],["b0b9b9Bic9HWL7uVRvZ9Xjk",["node","__prefab","AmountMenu","pathRoot","countDownNode","stateTipsNode","betAmountMenu","AmountItemPrefab"],3,1,4,1,1,1,1,1,6],["cc.PrefabInfo",["fileId","instance","targetOverrides","nestedPrefabInstanceRoots","root","asset"],-1,1,1],["cc.Toggle",["_isChecked","node","__prefab","_normalColor","_target","checkEvents"],2,1,4,5,1,9],["cc.BlockInputEvents",["node","__prefab"],3,1,4],["cc.Layout",["_resizeMode","_layoutType","_spacingY","_verticalDirection","_isAlign","node","__prefab"],-2,1,4],["545c05XsG9GDJispEGWKvYv",["watchPath","node","__prefab"],2,1,4],["4e96cmzKvtOT7hYC5FQacIc",["_enabled","node","__prefab"],2,1,4],["cc.ToggleContainer",["_allowSwitchOff","node","__prefab"],2,1,4],["cc.LabelShadow",["_enabled","node","__prefab"],2,1,4],["47052uw/Y5O1LXaLObj4ARx",["watchPath","valueA","valueAction","node","__prefab"],0,1,4],["cc6d4RLlrVP2Zz1g/sC2/sM",["node","__prefab","monkeyPoint","playerPoint","RoomPaths"],3,1,4,1,1,9],["f1f0ekzcZxBnrZOeiOPvC+F",["node","__prefab","button","amount"],3,1,4,1,1]],[[14,0,2],[16,0,1,2,3,4,5,5],[7,0,1,2,1],[1,0,1,6,4,5,7,3],[1,0,1,6,8,4,5,7,3],[4,0,1,3,4,5,3],[4,1,3,4,5,2],[20,0,1,2,2],[1,0,1,6,4,5,3],[6,0,1,4,2,3,6,3],[7,0,1,1],[4,3,4,5,1],[4,0,3,4,5,2],[1,0,3,1,6,4,5,7,4],[3,0,1,2,3,4,11,12,13,6],[2,0,5,10,11,3],[10,1,2,3,2],[24,0,1,2,3,4,4],[11,1,0,1],[2,0,1,2,10,11,4],[1,0,2,1,6,8,4,5,7,4],[7,0,1,2,3,1],[8,0,1,2,3,4],[1,0,2,1,6,4,5,7,4],[8,0,1,3,3],[3,0,1,2,11,12,13,4],[1,0,1,8,4,5,7,3],[1,0,3,1,6,4,5,4],[2,0,5,3,1,2,10,11,6],[17,0,1,2,3,4,5,2],[5,0,1,2,3,4,5,7,8,9,10,3],[5,2,3,6,4,5,1],[3,0,8,1,2,3,4,11,12,13,7],[9,0,1,2,2],[1,0,1,6,8,4,5,3],[1,0,2,1,6,4,5,4],[1,0,1,6,4,5,7,9,3],[12,0,1,2,3,2],[13,0,2],[2,0,3,10,11,3],[2,0,10,11,2],[2,0,5,3,4,6,1,2,10,11,8],[4,2,0,3,4,5,3],[4,0,1,3,4,3],[4,2,0,1,3,4,5,4],[4,0,1,3,4,6,5,3],[5,1,2,3,6,4,5,2],[3,0,8,1,2,3,4,5,11,12,14,8],[11,0,1],[1,0,1,8,4,5,3],[1,0,6,8,4,5,7,2],[1,0,6,4,5,2],[1,0,8,4,5,2],[6,0,1,5,2,3,3],[6,0,1,4,2,3,3],[2,0,6,1,10,11,4],[2,7,0,10,11,3],[2,7,0,3,10,11,4],[2,0,8,1,2,10,11,5],[2,0,4,1,2,10,11,5],[2,0,5,3,4,6,9,1,2,10,11,9],[2,0,5,3,4,1,10,11,6],[2,0,4,10,11,3],[2,0,1,10,11,3],[15,0,1,2,3,4,5,6,7,1],[5,2,3,4,5,1],[5,0,2,3,6,4,5,7,8,9,10,2],[5,0,2,3,4,5,2],[18,0,1,1],[19,0,1,2,3,4,5,6,6],[3,0,1,2,3,4,6,9,5,11,12,13,9],[3,0,1,3,4,6,7,5,11,12,13,8],[3,0,1,2,3,4,7,11,12,7],[3,0,1,2,3,4,7,11,12,13,7],[3,0,8,1,2,3,4,10,6,7,11,12,13,10],[3,0,1,2,3,4,6,5,11,12,13,8],[3,0,1,2,3,4,5,11,12,14,7],[3,0,1,2,3,4,9,5,11,12,8],[9,1,2,1],[10,0,2,3,2],[21,0,1,2,2],[22,0,1,2,2],[23,0,1,2,2],[25,0,1,2,3,4,1],[12,1,2,3,1],[26,0,1,2,3,1]],[[[{"name":"ui_monkey_button_image_02","rect":{"x":0,"y":0,"width":149,"height":72},"offset":{"x":0,"y":0},"originalSize":{"width":149,"height":72},"rotated":false,"capInsets":[17,17,17,17],"vertices":{"rawPosition":[-74.5,-36,0,74.5,-36,0,-74.5,36,0,74.5,36,0],"indexes":[0,1,2,2,1,3],"uv":[0,72,149,72,0,0,149,0],"nuv":[0,0,1,0,0,1,1,1],"minPos":{"x":-74.5,"y":-36,"z":0},"maxPos":{"x":74.5,"y":36,"z":0}},"packable":true,"pixelsToUnit":100,"pivot":{"x":0.5,"y":0.5},"meshType":0}],[0],0,[0],[3],[14]],[[{"name":"ui_monkey_button_03","rect":{"x":0,"y":0,"width":69,"height":65},"offset":{"x":0,"y":0},"originalSize":{"width":69,"height":65},"rotated":false,"capInsets":[0,0,0,0],"vertices":{"rawPosition":[-34.5,-32.5,0,34.5,-32.5,0,-34.5,32.5,0,34.5,32.5,0],"indexes":[0,1,2,2,1,3],"uv":[0,65,69,65,0,0,69,0],"nuv":[0,0,1,0,0,1,1,1],"minPos":{"x":-34.5,"y":-32.5,"z":0},"maxPos":{"x":34.5,"y":32.5,"z":0}},"packable":true,"pixelsToUnit":100,"pivot":{"x":0.5,"y":0.5},"meshType":0}],[0],0,[0],[3],[15]],[[{"name":"ui_battleroyale_room_xz","rect":{"x":0,"y":0,"width":150,"height":150},"offset":{"x":0,"y":0},"originalSize":{"width":150,"height":150},"rotated":false,"capInsets":[10,10,10,10],"vertices":{"rawPosition":[-75,-75,0,75,-75,0,-75,75,0,75,75,0],"indexes":[0,1,2,2,1,3],"uv":[0,150,150,150,0,0,150,0],"nuv":[0,0,1,0,0,1,1,1],"minPos":{"x":-75,"y":-75,"z":0},"maxPos":{"x":75,"y":75,"z":0}},"packable":true,"pixelsToUnit":100,"pivot":{"x":0.5,"y":0.5},"meshType":0}],[0],0,[0],[3],[16]],[[{"name":"ui_monkey_button_image_01","rect":{"x":0,"y":0,"width":204,"height":67},"offset":{"x":0,"y":0},"originalSize":{"width":204,"height":67},"rotated":false,"capInsets":[21,6,29,17],"vertices":{"rawPosition":[-102,-33.5,0,102,-33.5,0,-102,33.5,0,102,33.5,0],"indexes":[0,1,2,2,1,3],"uv":[0,67,204,67,0,0,204,0],"nuv":[0,0,1,0,0,1,1,1],"minPos":{"x":-102,"y":-33.5,"z":0},"maxPos":{"x":102,"y":33.5,"z":0}},"packable":true,"pixelsToUnit":100,"pivot":{"x":0.5,"y":0.5},"meshType":0}],[0],0,[0],[3],[17]],[[{"name":"mini_glod","rect":{"x":1,"y":0,"width":40,"height":40},"offset":{"x":0.5,"y":0},"originalSize":{"width":41,"height":40},"rotated":false,"capInsets":[0,0,0,0],"vertices":{"rawPosition":[-20,-20,0,20,-20,0,-20,20,0,20,20,0],"indexes":[0,1,2,2,1,3],"uv":[1,40,41,40,1,0,41,0],"nuv":[0.024390243902439025,0,1,0,0.024390243902439025,1,1,1],"minPos":{"x":-20,"y":-20,"z":0},"maxPos":{"x":20,"y":20,"z":0}},"packable":true,"pixelsToUnit":100,"pivot":{"x":0.5,"y":0.5},"meshType":0}],[0],0,[0],[3],[18]],[[{"name":"amount_bg_btn","rect":{"x":0,"y":0,"width":149,"height":72},"offset":{"x":0,"y":0},"originalSize":{"width":149,"height":72},"rotated":false,"capInsets":[20,20,20,20],"vertices":{"rawPosition":[-74.5,-36,0,74.5,-36,0,-74.5,36,0,74.5,36,0],"indexes":[0,1,2,2,1,3],"uv":[0,72,149,72,0,0,149,0],"nuv":[0,0,1,0,0,1,1,1],"minPos":{"x":-74.5,"y":-36,"z":0},"maxPos":{"x":74.5,"y":36,"z":0}},"packable":true,"pixelsToUnit":100,"pivot":{"x":0.5,"y":0.5},"meshType":0}],[0],0,[0],[3],[19]],[[[38,"UIMain"],[49,"UIMain",33554432,[-10,-11,-12],[[2,-2,[0,"50vEuB/09GXa++wEGuLkGi"],[5,750,1667]],[19,45,100,100,-3,[0,"4cxdT2sptG4qD3+YTTi8PJ"]],[64,-9,[0,"e4WG1akUJO9Y/Xb+CCymEv"],-8,-7,-6,-5,-4,82]],[1,"c46/YsCPVOJYA4mWEpNYRx",null,null,null,-1,0]],[53,"PathsRoot",33554432,[-15,-16,-17,-18,-19,-20,-21,-22,-23,-24],[[[10,-13,[0,"4cKfuBqAdPercF1ovJzF9L"]],-14],4,1],[1,"4d6tcHejxPqL2zOLms/9iQ",null,null,null,1,0]],[34,"Content",33554432,1,[-27,-28,-29,-30,-31,-32,-33,-34,-35],[[2,-25,[0,"0dEFi1YfdEu6BGKqCkjC1j"],[5,750,1667]],[19,45,100,100,-26,[0,"32gd/AymRLnLEvjE1VnSu2"]]],[1,"6dO1uK0jJCtKMkgDlRfGGH",null,null,null,1,0]],[4,"Botom",33554432,3,[-38,-39,-40,-41,-42,-43,-44,-45],[[2,-36,[0,"b0jAJ16eRLA6drjecqjgXs"],[5,750,160]],[55,44,1.7110000000000127,750,-37,[0,"dawSlBXZxD2bhLKBf8UT+z"]]],[1,"74uQw9RyRHk43EMRIs/Ytg",null,null,null,1,0],[1,0,-751.789,0]],[26,"Toggle_room1",33554432,[-50,-51,-52,-53,-54],[[2,-46,[0,"5fLk2V4npDMb6xicG0e2h8"],[5,311,419]],[11,-47,[0,"a6VZFFo5lI/J9XvncDy5Dd"],8],[29,false,-49,[0,"8dtOlVIJVHYo6K5E1Ej66l"],[4,4292269782],-48,[[22,"b0b9b9Bic9HWL7uVRvZ9Xjk","checkToggleEvent","1",1]]]],[1,"389gTg5mVCdbII3MFZwoFC",null,null,null,1,0],[1,-196.447,249.104,0]],[26,"Toggle_room2",33554432,[-59,-60,-61,-62,-63],[[2,-55,[0,"401YfWH8RNL7OzZbrFJ5E7"],[5,311,419]],[11,-56,[0,"a7rZyc8A5HvLdxCbYWnb5e"],16],[29,false,-58,[0,"cegbgV3lZLy55wVjIbFGVN"],[4,4292269782],-57,[[22,"b0b9b9Bic9HWL7uVRvZ9Xjk","checkToggleEvent","2",1]]]],[1,"a5cRbp4bNFcLULMSmbSea3",null,null,null,1,0],[1,183.303,248.743,0]],[26,"Toggle_room3",33554432,[-68,-69,-70,-71,-72],[[2,-64,[0,"40u4p4QIdM640FqZ1w8Ult"],[5,311,419]],[11,-65,[0,"a6S/eAtGdFQqBsGpFkaw1w"],24],[29,false,-67,[0,"4bhTciOK9DjZehBJ0z8GTY"],[4,4292269782],-66,[[22,"b0b9b9Bic9HWL7uVRvZ9Xjk","checkToggleEvent","3",1]]]],[1,"cb+tvaFiFNsoh7cy9USh8u",null,null,null,1,0],[1,-195.667,-227.73,0]],[26,"Toggle_room4",33554432,[-77,-78,-79,-80,-81],[[2,-73,[0,"39aTVSZOFHPJuiI3IRBf8K"],[5,311,419]],[11,-74,[0,"a8x5wXkbVEOZd5NG2cXEI1"],32],[29,false,-76,[0,"a01mVdu4dNG4bWtlQgUQd4"],[4,4292269782],-75,[[22,"b0b9b9Bic9HWL7uVRvZ9Xjk","checkToggleEvent","4",1]]]],[1,"64PIVQkc1NjJrePMgtdshF",null,null,null,1,0],[1,179.769,-212.731,0]],[20,"Gold-001",false,33554432,3,[-87,-88,-89],[[2,-82,[0,"4c5rshJ8VDEJwBGvAx5iRN"],[5,102,91]],[42,false,1,-83,[0,"972F4erDZHkK68yKiM0A7W"],36],[30,false,2,-85,[0,"a5tZiIvrRPDrhJC7peDgoD"],[4,4292269782],-84,37,38,39,40],[39,32,210.32899999999995,-86,[0,"85EQ2Y+O5IW7sVGl8/Axa1"]]],[1,"cb2FUhOQdF5YfC5dpCwWMG",null,null,null,1,0],[1,113.67099999999999,615.334,0]],[4,"Gold",33554432,3,[-95,-96,-97],[[2,-90,[0,"22LmrsiyJElYknglkK2AR9"],[5,102,91]],[42,false,1,-91,[0,"09WfYHzIlLzLnL+/gJSnio"],43],[30,false,2,-93,[0,"bdaP4lcMlI/4P0w5squnFn"],[4,4292269782],-92,44,45,46,47],[39,32,210.329,-94,[0,"7bqqDW+rxDapiUonLpo+Wl"]]],[1,"01kGHCWFJDYpl8k77OLkOm",null,null,null,1,0],[1,113.67099999999999,555.7,0]],[4,"countDown",33554432,3,[-103,-104],[[21,-98,[0,"52DlgjFd5PGaCQFcpsHWOi"],[5,390,72],[0,0,0.5]],[5,1,0,-99,[0,"cd+W5r5sJIaZJp2oNYbft2"],54],[30,false,2,-101,[0,"99TGoL/rNFd6hrF/CAXu9i"],[4,4292269782],-100,55,56,57,58],[40,8,-102,[0,"95aGHCC0xFv7YfVx1+/TrT"]]],[1,"30jycS1p9Hs7HHLR5jqSgx",null,null,null,1,0],[1,-375,555.724,0]],[4,"BtnAmount",33554432,4,[-110,-111,-112],[[2,-105,[0,"d8YRYwVZVOGIONAKwqUYfy"],[5,190,110]],[43,1,0,-106,[0,"d4Jc/ngTlMVaJjwvunvhC1"]],[31,-108,[0,"c5/DW/lIJB6pfYEHeKiRRi"],[[24,"b0b9b9Bic9HWL7uVRvZ9Xjk","onShowAmountMenu",1]],[4,4292269782],-107],[68,-109,[0,"58I8qZBhpMx68v3nnJN1lK"]]],[1,"7aU0Oort5IKZyFSAVNAGnk",null,null,null,1,0],[1,-121.699,-10,0]],[4,"stateTips",33554432,3,[-118],[[21,-113,[0,"35z/Gx3EJJEbd1FWMmQ4BS"],[5,390,72],[0,0,0.5]],[5,1,0,-114,[0,"47kzG36gtDlIN3ilG2Hx0w"],49],[30,false,2,-116,[0,"65/5tTSBNNE7OfPBRzyOoq"],[4,4292269782],-115,50,51,52,53],[40,8,-117,[0,"09tRn4QIZKlKfI4JflTFMR"]]],[1,"16XUBVQy5JeLrCjuMcPCbC",null,null,null,1,0],[1,-375,554.401,0]],[20,"AmountMenu",false,33554432,4,[-121,-122,-123],[[2,-119,[0,"fcaga+7YFEgqRikrQom9Nr"],[5,150,180]],[69,2,2,1,0,true,-120,[0,"ceIobI0YhPwb5JcaNiBMeE"]]],[1,"141TiNBStKcr0fCfazeEDf",null,null,null,1,0],[1,-94.241,130.919,0]],[4,"RecordBtn",33554432,4,[-129,-130],[[2,-124,[0,"14a1RzOXZCoYXj5FZQoKm8"],[5,150,40]],[44,false,1,0,-125,[0,"feyoMjs6lBqKefgzw8Pgz4"],78],[46,3,-127,[0,"4flyfzZnhIWoHbPN8hjXUy"],[[24,"b0b9b9Bic9HWL7uVRvZ9Xjk","OnRecordBtnClick",1]],[4,4278190080],-126],[56,false,32,-128,[0,"84Ceqwb2dEbp9yYJAW6ja+"]]],[1,"83O15ivHBO3btsi//w5hdN",null,null,null,1,0],[1,299.99999999999994,20,0]],[4,"RankBtn",33554432,4,[-136,-137],[[2,-131,[0,"04JubMx3VP27WUbxFzYS3P"],[5,150,40]],[44,false,1,0,-132,[0,"5dPXbGxbFOsrlkq1gm/Cge"],80],[46,3,-134,[0,"80AO8kVktOQpwt7KU8XtUT"],[[24,"b0b9b9Bic9HWL7uVRvZ9Xjk","OnRankBtnClick",1]],[4,4278190080],-133],[57,false,32,-0.20300000000003138,-135,[0,"26nyjpkOhObpTouUKKGIko"]]],[1,"6eBby4CGtEWKPRezeSPZAT",null,null,null,1,0],[1,300.203,-30,0]],[13,"content",512,33554432,13,[[2,-138,[0,"bcaf6g2yVJbpBKDyrwSqgH"],[5,390,72]],[70,"尽快选择房间躲避",35,35,1,false,true,true,1,-139,[0,"57USyw2C9C1KdY++Zk00eq"],[4,4293783034]],[78,-140,[0,"b3a55yKHZNPYlTj3PtYm5m"]],[7,"*.stateTips",-141,[0,"04sLioGBJMOZKHLlMvg/nD"]],[58,45,false,153.37890625,50.4,-142,[0,"8bzZoJCaJGwrsmHm5GnEn9"]],[79,false,-143,[0,"d8yzqxBa1HN4NC78G0wxOS"]]],[1,"20VXtqu0xIgp04yaE7eNhN",null,null,null,1,0],[1,195,0,0]],[4,"Amount-10",33554432,14,[-148,-149],[[2,-144,[0,"d7lpDkpDlJMZ++H6nTlKNK"],[5,150,59.333333333333336]],[5,1,0,-145,[0,"90HUJlRVpJxprC2x0ws3KJ"],72],[65,-147,[0,"baFJP+sVBKLLmcy+s1aSsY"],[4,4292269782],-146]],[1,"d7TaZjAjhLNra0xv5xhQBh",null,null,null,1,0],[1,0,60.33333333333333,0]],[34,"Amount-50",33554432,14,[-154,-155],[[2,-150,[0,"8c/iqK2DxEdZN2Hf7SbACl"],[5,150,59.333333333333336]],[5,1,0,-151,[0,"95vYjlqYpMAboFVQJ3p1nz"],74],[31,-153,[0,"3eEEP5329JJaXZ7ABau1ZY"],[[22,"b0b9b9Bic9HWL7uVRvZ9Xjk","onSelectAmountItem","50",1]],[4,4292269782],-152]],[1,"b9qM15qntLVKD+ueisQHop",null,null,null,1,0]],[4,"Amount-100",33554432,14,[-160,-161],[[2,-156,[0,"1aKBYR5WBKtYuGrQK93AEh"],[5,150,59.333333333333336]],[5,1,0,-157,[0,"a8HuOc5JVOsr1OmUzR7Y1m"],76],[31,-159,[0,"37eyN5LCdFspZiyxTlm+x5"],[[22,"b0b9b9Bic9HWL7uVRvZ9Xjk","onSelectAmountItem","100",1]],[4,4292269782],-158]],[1,"09Jywofe5K5oXIYFHhghvP",null,null,null,1,0],[1,0,-60.33333333333334,0]],[4,"roomBg",33554432,1,[-165,2],[[2,-162,[0,"ecehOHvBJDlZZqfrrGPUl+"],[5,662,886]],[11,-163,[0,"30pjewKMVLAbQf+nuV6RSN"],33],[80,false,-164,[0,"d0kEypaUJC6pbsmNcTfTEt"]]],[1,"d32i7RX6dDMJAfGBKbGZI8",null,null,null,1,0],[1,0,-164.137,0]],[34,"ToggleGroup",33554432,21,[5,6,7,8],[[81,true,-166,[0,"3daDUopoFFFKTlakIJayOA"]]],[1,"ebRfaBO2dGwbCVoPRWl3JW",null,null,null,1,0]],[23,"roleMask",false,33554432,3,[[21,-167,[0,"55NtKpP7dMi7mD42PZEr3M"],[5,750,382.6],[0,0.5,0]],[45,1,0,-168,[0,"78Soc/aL9LpZK2RnKaG9vo"],[4,1090519039],60],[66,false,-170,[0,"16T5OKrW9Oyp9Trboz7tGD"],[[24,"b1c1011sa9OPJa/CfP5TOo2","OnHideAmountMenu",1]],[4,4292269782],-169,61,62,63,64],[59,44,1402.5,100,264.5,-171,[0,"bcCpY7/PNLfIgfW2fWQJwK"]]],[1,"0fkBnE4IRI9JS8VtGaWoA4",null,null,null,1,0],[1,0,-833.5,0]],[4,"Btn_PutInto",33554432,4,[-176],[[2,-172,[0,"28Vc/7VRhJBrUKiX76wraM"],[5,210.2,110.9]],[43,1,0,-173,[0,"46efoQ4Y1MdpzX8X1hFSQe"]],[31,-175,[0,"6cduxkfG5HXoz61qbIqH65"],[[24,"b0b9b9Bic9HWL7uVRvZ9Xjk","OnBtnPutIn",1]],[4,4292269782],-174]],[1,"aefX+JWR1HKo7mocjK9tCD",null,null,null,1,0],[1,84,-10,0]],[3,"Label",33554432,24,[[2,-177,[0,"57nVYYFBlOHbkwgGPbKUsR"],[5,182.3,58.9]],[71,"连接钱包",40,1,false,true,1,1,-178,[0,"42eYgjeu1OnK9rmQ4vcaoy"],[4,4278190080]],[82,false,-179,[0,"e8q80zx+9I1Kcw/+7HEbzy"]],[33,false,-180,[0,"840UbDnDhN17HEi277vD9C"]],[7,"*.bet_name",-181,[0,"0aQR577cRGy4e3aXNQs51S"]]],[1,"35GC2tN5ZIqoi1x2mUo6hB",null,null,null,1,0],[1,13.379,0.423,0]],[4,"Gold",33554432,5,[-184,-185],[[2,-182,[0,"59iv4moqJFVIKumcmB6mbm"],[5,141.8,50]],[5,1,0,-183,[0,"5ccQK5SMFJ8ZFoIydzWKVQ"],5]],[1,"b8IyzEzXJL0I7QuLvrmFDs",null,null,null,1,0],[1,-54.486,148.946,0]],[13,"TotalAmountLabel",512,33554432,26,[[2,-186,[0,"d5aZuWFlhIcL/cmq62ag1i"],[5,141.8,50]],[32,"123",0,30,30,1,false,-187,[0,"86vTvqT01LTqzaypsrAZwL"],[4,4293848824]],[7,"Room1.bets",-188,[0,"16ZncoVhlH0an5oKoJgr79"]],[28,45,46.495,-46.495,200,63.8,-189,[0,"beYrObeH9P1YVcLRX+N2eJ"]]],[1,"b534PRuY1IDZx5ZGZgpm7K",null,null,null,1,0],[1,46.495,0,0]],[4,"roomNum",33554432,5,[-192,-193],[[2,-190,[0,"e0rXpgoVZHQ4z8M1Y2daxl"],[5,43,40]],[12,1,-191,[0,"6cUiZHjyZKIK+d+GydNFJS"],7]],[1,"bdJTzjqPZMq41POlEQ/Djx",null,null,null,1,0],[1,-104.112,-191.36,0]],[27,"TotalAmountLabel",512,33554432,28,[[2,-194,[0,"42q0JfuqVKK7Y0TlFii3DF"],[5,43,40]],[14,"1",35,35,1,false,-195,[0,"0c+1EQf45CFaTRUBrP568v"],[4,4279242769]],[19,45,200,63.8,-196,[0,"f4oCGsOmBEup5SDXYJ2ZEF"]],[16,"room_1",-197,[0,"87Q34d3SBEJKIu++7PqBNi"]]],[1,"8eL8LM4ctOq5I12k7xry+U",null,null,null,1,0]],[3,"Atkmark",33554432,6,[[2,-198,[0,"6fJitjq/JPy4iTE3HTxYGq"],[5,311,419]],[12,1,-199,[0,"bd6COlC2lA5704oFtM9rbD"],9],[60,45,2.588999999999979,-2.589000000000013,6.796923076923065,-0.016221773453277077,false,150,150,-200,[0,"70dKr2jxZEv6rn5wmNGGKl"]],[17,"*.atkRoomId",2,1,-201,[0,"bfxuQ+BO1ExZIdvyoMilEq"]]],[1,"dcnz+CnVdEF4XdcGg0/Hu8",null,null,null,1,0],[1,2.58899999999997,-6.796923076923093,0]],[4,"Gold",33554432,6,[-204,-205],[[2,-202,[0,"a7PvBmhfZLbaSfSMDnubpR"],[5,141.8,50]],[5,1,0,-203,[0,"76/vNp1D1OGpPdL10dEIyT"],13]],[1,"02zWog0TpDtZxH+IxnsV6x",null,null,null,1,0],[1,-54.486,150.308,0]],[13,"TotalAmountLabel",512,33554432,31,[[2,-206,[0,"b0TSfff/ZLQb/tOr4+7P4T"],[5,141.8,50]],[32,"123",0,30,30,1,false,-207,[0,"3cu9rtH7NCI5RTdDil9vCN"],[4,4293848824]],[7,"Room2.bets",-208,[0,"33mWg36vxE1psnVX6imFtf"]],[28,45,44.221,-44.221,200,63.8,-209,[0,"18vymVHf5DTJIYZ8IKuoWc"]]],[1,"6d0cHKTsNIn6qUP4ca306N",null,null,null,1,0],[1,44.221,0,0]],[4,"roomNum-001",33554432,6,[-212,-213],[[2,-210,[0,"cc0JL4BLJGMLZftqRlfxX9"],[5,43,40]],[12,1,-211,[0,"c6iobaiBtLz6BWhIF8oNiy"],15]],[1,"ca2ud/MpFCMoPQNbY4G+2U",null,null,null,1,0],[1,-104.112,-191.36,0]],[27,"TotalAmountLabel",512,33554432,33,[[2,-214,[0,"feHUvA915AuZr8vz+VvOwq"],[5,43,40]],[14,"1",35,35,1,false,-215,[0,"4aD189EgVAHpBrCdGLZ2Nx"],[4,4279242769]],[19,45,200,63.8,-216,[0,"79UXCZcUZDTZ9fmyHrpZa0"]],[16,"room_2",-217,[0,"5eOaK+6hNCL53TQsKcYjqD"]]],[1,"2bxgG9sM5Gj5T+KV1hM2pd",null,null,null,1,0]],[4,"Gold",33554432,7,[-220,-221],[[2,-218,[0,"6cFC9oVI9P5Jyyv3YvMzyo"],[5,141.8,50]],[5,1,0,-219,[0,"bdngEn/FdKRqI+i4uyWHoK"],21]],[1,"78fxtT96tJMbrTEDln8g94",null,null,null,1,0],[1,-54.486,156.432,0]],[13,"TotalAmountLabel",512,33554432,35,[[2,-222,[0,"0dV1CUaWFCoYCGXzU4ZRL4"],[5,141.8,50]],[32,"123",0,30,30,1,false,-223,[0,"90b7D/sylCGYcAosT3AvLh"],[4,4293848824]],[7,"Room3.bets",-224,[0,"31EU9cYaBG3bljrigaqDAg"]],[28,45,46.495,-46.495,200,63.8,-225,[0,"db7JlZdNlNdKXW41lUTA4x"]]],[1,"c5AXPWSnNCDIY+ZGgKRffW",null,null,null,1,0],[1,46.495,0,0]],[4,"roomNum",33554432,7,[-228,-229],[[2,-226,[0,"4dEQGELO9PpLJShM1u5hKb"],[5,43,40]],[12,1,-227,[0,"46/yr5Ji1G6YcWjEoxZqrM"],23]],[1,"9egrt+TwVAQJis5XbbCFFJ",null,null,null,1,0],[1,-104.112,-191.36,0]],[27,"TotalAmountLabel",512,33554432,37,[[2,-230,[0,"6aoIS9aZ9P8qD/dL08qk4B"],[5,43,40]],[14,"1",35,35,1,false,-231,[0,"60QpY2lOlBf6eH10PXg2er"],[4,4279242769]],[19,45,200,63.8,-232,[0,"75wIKH//NIgqx9GmrrIqV/"]],[16,"room_3",-233,[0,"5afrii7mhJTLGSbk26b9gZ"]]],[1,"99QWbsJbdHcZCPR6xDXo1o",null,null,null,1,0]],[4,"Gold",33554432,8,[-236,-237],[[2,-234,[0,"49jmAVrlJNFIfdlofLsCUd"],[5,141.8,50]],[5,1,0,-235,[0,"f3GvjjxulGKaQWywcew/g7"],29]],[1,"14vKJ+nY5MWZAOtML397wo",null,null,null,1,0],[1,-54.486,150.786,0]],[13,"TotalAmountLabel",512,33554432,39,[[2,-238,[0,"19tCmdydNBBamKcLhTeU39"],[5,141.8,50]],[32,"123",0,30,30,1,false,-239,[0,"b0KACG8lxOLZb3k6U/DOuN"],[4,4293848824]],[7,"Room4.bets",-240,[0,"b0b/WcELlOxrVgQTNDlbGZ"]],[28,45,48.769,-48.769,200,63.8,-241,[0,"d9s+mSK7NOzaktzFxk78FW"]]],[1,"1eLpxvwMNKa7nBykg63WfH",null,null,null,1,0],[1,48.769,0,0]],[4,"roomNum",33554432,8,[-244,-245],[[2,-242,[0,"438bptRXpAiq+aF5c1MayC"],[5,43,40]],[12,1,-243,[0,"07J7zLpYpOOocJCzHtLrKt"],31]],[1,"c5sc7Jv+pOZqHzx97PiYCP",null,null,null,1,0],[1,-104.112,-191.36,0]],[27,"TotalAmountLabel",512,33554432,41,[[2,-246,[0,"83xstS6EhIpZYrCgnwQe7c"],[5,43,40]],[14,"1",35,35,1,false,-247,[0,"df/0KZJgdGqaugFConyrHJ"],[4,4279242769]],[19,45,200,63.8,-248,[0,"60dXkc+nBP8JW5ZgKG3kkf"]],[16,"room_4",-249,[0,"eczuZJz95NlJLQ5xVuH56E"]]],[1,"814d1IDB1LTrsNBjWdnJh8",null,null,null,1,0]],[48,[0,"d4sXqFmthPwoI3T3zdDcj6"]],[48,[0,"11fhxFOW9Bj6ji8+cWmrSL"]],[4,"Title",33554432,3,[-253],[[2,-250,[0,"beqAJszoVIdaz/BOwyMEVE"],[5,347.9,81.4]],[5,1,0,-251,[0,"81iNIgXM5CMYfeb6A3bf98"],59],[61,17,201.04999999999995,381.37499999999994,58.31099999999992,347.9,-252,[0,"915ZpAV6ZFeqwUGRMBzVbD"]]],[1,"55JF/wgjBBY4aPSSt7jqGq",null,null,null,1,0],[1,0,734.489,0]],[8,"Label",33554432,45,[[2,-254,[0,"de7zqab+VPRrK2hEcnFSLV"],[5,327.9,71.4]],[72,"冰山逃生 1235678期",35,45,2,false,1,-255,[0,"98hR2UR3VFS624gRuVhVrN"]],[41,45,10,10,5,5,42.255859375,50.4,-256,[0,"06zZxL3ddFDpl2dcBLfoDT"]],[7,"*.titleTip",-257,[0,"12FYqoi0ZAh6zg1XvP4H2a"]]],[1,"d5Df0+E1RFPJqhK2wu6dJb",null,null,null,1,0]],[4,"tiproot",33554432,4,[-260,-261],[[2,-258,[0,"61J3JFQi5AnYfyu2rOuN7m"],[5,292,75]],[11,-259,[0,"d2SZHmxcxIxqqXfh2nherh"],67]],[1,"c6YASPyrhPeJ5574lZ+Rya",null,null,null,1,0],[1,42.741,72.072,0]],[3,"Label",33554432,47,[[2,-262,[0,"2ek9aoLQVPa5xTRAnKdvin"],[5,264,50.39999999999999]],[73,"快选择一个冰窟躲避猿猴",24,24,2,false,1,-263,[0,"2cmDGU2EZOb426ToaQZuN8"],[4,4278979596]],[41,45,13.895999999999992,14.104000000000012,9.225000000000001,15.375000000000004,42.255859375,50.4,-264,[0,"16oCYNlvVOGJ+vVii/HiYQ"]],[7,"*.playerTIps",-265,[0,"b1bg7SnCRKp4ufwWRVXPDc"]]],[1,"1ecF7RuIlBAoyuTwIj8LLG",null,null,null,1,0],[1,-0.10400000000001342,3.0749999999999993,0]],[50,"Sprite",3,[-269],[[2,-266,[0,"e45tZuEn9NZ6Tieea+kn+k"],[5,485.7,34]],[6,0,-267,[0,"bdRR2jkctLGYYiD7Vp91lV"],81],[62,17,151.899,-268,[0,"99zR7JQAZIH4B9nBAFRAK5"]]],[1,"15Iwdt575An4xThel3jTHu",null,null,null,1,0],[1,0,664.601,0]],[8,"bg",33554432,1,[[2,-270,[0,"e7eUJGBV9MbJqmG59Twaoi"],[5,750,1667]],[5,1,0,-271,[0,"e3f9neVStJX6AIBSNE/6bD"],0],[19,45,750,1667,-272,[0,"2e2eW/M/tHFIkgfbhQU2+O"]]],[1,"adm2aPpDhGv6xFc1yuKxDf",null,null,null,1,0]],[3,"Atkmark",33554432,5,[[2,-273,[0,"b6OuuQJHZPibLHKTgt2+1+"],[5,311,419]],[12,1,-274,[0,"eavHyIEA9FyJSgKgvfxZRd"],1],[17,"*.atkRoomId",1,1,-275,[0,"ba/+BxfvlCF5Mpk92pOBGM"]]],[1,"a1gKDWfOpEIIQwhvL+DmVh",null,null,null,1,0],[1,0,-6.796923076923093,0]],[3,"Checkmark",33554432,5,[[2,-276,[0,"82P9X9TshCZ7DafKPmR6uJ"],[5,268,388]],[12,1,-277,[0,"4cmMHBc21CVJnhRDBpfiOT"],2],[17,"*.betRoomId",1,1,-278,[0,"89f0qRE8xLGIPmi0Sz3k08"]]],[1,"20UxHF0D9PI4lvNm9OZdtk",null,null,null,1,0],[1,0,-20.043,0]],[20,"room_hovel_text_zh",false,33554432,5,[-281],[[2,-279,[0,"84FPJKLIFFbr5nN8MZ/Eus"],[5,155,50]],[5,1,0,-280,[0,"2e3m7bbWhMA4A8PXXWbSxh"],3]],[1,"40uLKbXV5CrbqjoGe10LKo",null,null,null,1,0],[1,-45,141.149,0]],[8,"room_name",33554432,53,[[2,-282,[0,"7fVjiiB8tEGaG30QWTfWvj"],[5,136.6845703125,50.4]],[25,"房间名称1",30,30,-283,[0,"9e9d+4+UJHRJ/ISwdmA/oE"],[4,4279242769]],[16,"room_1",-284,[0,"07R/ko/BVL04pguNDKEb6A"]]],[1,"75rGPXb3JEkJRwRPuhK7Tn",null,null,null,1,0]],[3,"ui_monkey_icon_0",33554432,26,[[2,-285,[0,"edFlFC7CpKn6UEt7w/KM4d"],[5,40,40]],[6,0,-286,[0,"a25vCDgV1Lfp7L1T0JAgve"],4],[15,8,4.743000000000002,-287,[0,"09yVS7EOdCbL22ornvf5P4"]]],[1,"cd3eXNN1ZAFYtobAa8yisc",null,null,null,1,0],[1,-46.15700000000001,0,0]],[23,"ui_monkey_icon_0",false,33554432,28,[[2,-288,[0,"54AGVK1K1EurYJQL92AtIe"],[5,40,40]],[6,0,-289,[0,"cf+OwJMmZB+LVSISg+KfJl"],6],[15,8,4.743000000000002,-290,[0,"98lWT2RaVBHZXHDDGGS5XJ"]]],[1,"25xyvpM3dFzblZHv0z/rI5",null,null,null,1,0],[1,-45.05699999999999,0,0]],[3,"Checkmark",33554432,6,[[2,-291,[0,"98syDdao9ERLkXcJgTvMLY"],[5,268,388.00000000000006]],[5,1,0,-292,[0,"a4L2WEG/xKF4XWiZZyeXiH"],10],[17,"*.betRoomId",2,1,-293,[0,"70ToIp/4BC9J9cdOpRBpO7"]]],[1,"52FgvfrDtEu6LxSFdunXfn",null,null,null,1,0],[1,0,-15.459,0]],[20,"room_hovel_text_zh",false,33554432,6,[-296],[[2,-294,[0,"cfmPjElshAiq+dZf+MU5d+"],[5,155,50]],[5,1,0,-295,[0,"29pZTa77NPWatZHUopt0pg"],11]],[1,"b2KVzt91ZGuLmG1Lzrqg4Z",null,null,null,1,0],[1,-45,141.149,0]],[8,"room_name",33554432,58,[[2,-297,[0,"e6AxSSwnxBULUEg+zk014c"],[5,136.6845703125,50.4]],[25,"房间名称1",30,30,-298,[0,"4c1tB5FYZJDrKEEWxdiXJO"],[4,4279242769]],[16,"room_1",-299,[0,"dbfo0S1ERJ4oiHSzxy2O1X"]]],[1,"87jtHQCqlO4ITHsaZH7Ndb",null,null,null,1,0]],[3,"ui_monkey_icon_0",33554432,31,[[2,-300,[0,"81yxgzqhlDlqpwL6YwMvg6"],[5,40,40]],[6,0,-301,[0,"7a65wyXMNHArm315Pj1TtB"],12],[15,8,4.743000000000002,-302,[0,"730Oj1PW9K/JfpoUVPlLDA"]]],[1,"11JUpNUNpHLLfCTRDxBGdu",null,null,null,1,0],[1,-46.15700000000001,0,0]],[23,"ui_monkey_icon_0",false,33554432,33,[[2,-303,[0,"f2aglesEhCYbxKZUJHUULZ"],[5,40,40]],[6,0,-304,[0,"8dzhjS6MdMTaRD0hbBYqwK"],14],[15,8,4.743000000000002,-305,[0,"1cB428im5Gg77etzUsZjcP"]]],[1,"fcVTfweOtJ3q1e/9b6ApXI",null,null,null,1,0],[1,-45.05699999999999,0,0]],[8,"Atkmark",33554432,7,[[2,-306,[0,"32ILcgs3FKS7jtJKphZd/8"],[5,311,419]],[12,1,-307,[0,"abJ0g848pC9p68A7EZKg/O"],17],[17,"*.atkRoomId",3,1,-308,[0,"7eeSFggotCQqDht2YFbgNh"]]],[1,"aefxP8DD1Cv4O/CnIkQSXK",null,null,null,1,0]],[3,"Checkmark",33554432,7,[[2,-309,[0,"72s5XBc+BGFrxF8g4zqJh5"],[5,268,388]],[5,1,0,-310,[0,"cemc52X1BP7q0wQveZm3ie"],18],[17,"*.betRoomId",3,1,-311,[0,"9c2xBXxBtNWZsgSQRUaU5l"]]],[1,"60JSJLNS9CZ7L4+2iP44iK",null,null,null,1,0],[1,0,-10.59699999999998,0]],[20,"room_hovel_text_zh",false,33554432,7,[-314],[[2,-312,[0,"eeXV9cFdRP/IBD5ko6fBkg"],[5,155,50]],[5,1,0,-313,[0,"214tthmiRPd4vfcsqrVR+g"],19]],[1,"bcnLsv0IBKdKADHYlULLJH",null,null,null,1,0],[1,-45,141.149,0]],[8,"room_name",33554432,64,[[2,-315,[0,"0dX7Ni1SVKTaz4pi0bwgta"],[5,136.6845703125,50.4]],[25,"房间名称1",30,30,-316,[0,"f96geFJ31EB6Uspq6xoYe+"],[4,4279242769]],[16,"room_1",-317,[0,"b8sA5OaSRHtZx1ZXzrcBh7"]]],[1,"45oEoFxEhLgoVmkmHctJ+0",null,null,null,1,0]],[3,"ui_monkey_icon_0",33554432,35,[[2,-318,[0,"f0oiv2ICBKTaba0ojgyJJe"],[5,40,40]],[6,0,-319,[0,"58RMCmW/ROZ7zVxmLpBu5D"],20],[15,8,4.743000000000002,-320,[0,"7e9L3EGkRCBJi76FB3ya1P"]]],[1,"9fDyV4Q+lBh6LSbr9HrLv7",null,null,null,1,0],[1,-46.15700000000001,0,0]],[23,"ui_monkey_icon_0",false,33554432,37,[[2,-321,[0,"9e9Q57R39EhJ3abovclY1E"],[5,40,40]],[6,0,-322,[0,"e9fnmu2klOnKSgrfYQ91QV"],22],[15,8,4.743000000000002,-323,[0,"127mWcfKBBDrkHicqGp4S9"]]],[1,"bfLuw5jP9ATqrrYwS52egU",null,null,null,1,0],[1,-45.05699999999999,0,0]],[8,"Atkmark",33554432,8,[[2,-324,[0,"41LExVDMJJ6o4AvXDrdtLI"],[5,311,419]],[12,1,-325,[0,"97OKSw0UNPBqSADHOKQrRM"],25],[17,"*.atkRoomId",4,1,-326,[0,"28muY0TyxAkar/qIazHnPc"]]],[1,"a2Oje5pvRCc4Ee4tzvQPyR",null,null,null,1,0]],[3,"Checkmark",33554432,8,[[2,-327,[0,"1e24Gce2BB5pd9v+UopDdK"],[5,268,388]],[12,1,-328,[0,"9e/OJtf/tFZZkXhgn23WQe"],26],[17,"*.betRoomId",4,1,-329,[0,"6dBd8HV1pL3qoeQuUHqDYp"]]],[1,"a0XzqF7sVBuII5rY//e2t2",null,null,null,1,0],[1,0,-12.889,0]],[20,"room_hovel_text_zh",false,33554432,8,[-332],[[2,-330,[0,"4ckbcA36ZJMrURyPPB4hWC"],[5,155,50]],[5,1,0,-331,[0,"d04HFvpppI2LL6AQVCY6gM"],27]],[1,"90AgVnA2hAzpCGHA5E0YjC",null,null,null,1,0],[1,-45,141.149,0]],[8,"room_name",33554432,70,[[2,-333,[0,"3d65PQks5MKJeBC/9+GTZx"],[5,136.6845703125,50.4]],[25,"房间名称1",30,30,-334,[0,"50Yj/ejgNMRYBb30RPx/HK"],[4,4279242769]],[16,"room_1",-335,[0,"9dCbr/y1dDUZVfVZWojJK/"]]],[1,"41rnhWMmVMuov8bYmm4zEv",null,null,null,1,0]],[3,"ui_monkey_icon_0",33554432,39,[[2,-336,[0,"0fZk/6qmlBfoAqihsVmcih"],[5,40,40]],[6,0,-337,[0,"a2vFj1J09HS5b4HDAO+1Tz"],28],[15,8,4.743000000000002,-338,[0,"b1UT49FHhMD77PJZNGHunJ"]]],[1,"17JpOe0u5IPJ6i+HR7Wt5M",null,null,null,1,0],[1,-46.15700000000001,0,0]],[23,"ui_monkey_icon_0",false,33554432,41,[[2,-339,[0,"bdAX/XfO1CdoKAsKqtSOQF"],[5,40,40]],[6,0,-340,[0,"c0xGLfkN1DUr6tasF+p6Kd"],30],[15,8,4.743000000000002,-341,[0,"d45c+Tal9CnLxuU1l1MaMU"]]],[1,"644tSlzFNMxYlTHEUXaXY0",null,null,null,1,0],[1,-45.05699999999999,0,0]],[13,"TotalAmountLabel",512,33554432,9,[[2,-342,[0,"aey/4su2BL9qD4MMtDj7fC"],[5,181.7,40.1]],[14,"12000",36,36,2,false,-343,[0,"02kKtU5tJE44bBFWoR0tzf"],[4,4293848826]],[7,"*.amount",-344,[0,"2dQKRUbeBNNr2xfG8NbSDz"]]],[1,"44BPe7PDVNMb8yyAla/HPx",null,null,null,1,0],[1,141.553,4.679,0]],[13,"TotalAmountLabel",512,33554432,10,[[2,-345,[0,"76HHdJ/4tATZUcjdYR4rPm"],[5,181.7,40.1]],[14,"12000",36,36,2,false,-346,[0,"67u7s7jpdDwrkhLATsV/38"],[4,4293848826]],[7,"*.amount",-347,[0,"bfAZ0CHhxOILXq6zNtbHFY"]]],[1,"4eX+DW2U5C0p1jgkM3/N/w",null,null,null,1,0],[1,141.553,4.679,0]],[13,"CDLable",512,33554432,11,[[2,-348,[0,"abSukL3r5DxJO70qUfR1H0"],[5,116.4,86.1]],[74,"30",2,50,50,1,false,true,true,1,-349,[0,"3czgW+KgBCY4E5Ll46Q4uk"],[4,4280997119]],[7,"*.countDown",-350,[0,"b6n7VOSmhCtbasWalaGsqP"]]],[1,"c4K+YVP1VC15Jo3sacvPQW",null,null,null,1,0],[1,64.118,5.537,0]],[13,"Label",512,33554432,11,[[2,-351,[0,"17wiuzeTlNQKvmD/X8THU4"],[5,260.278906,50.4]],[75,"秒后恶猿来袭",35,35,1,false,true,1,-352,[0,"162vaXSEhDEb3aHguOz3qO"],[4,4293783034]],[33,false,-353,[0,"59FU7e7BVOLLcOIaV5LglX"]]],[1,"4a1X33lLtLC4xfsgtHCAo0",null,null,null,1,0],[1,250.435,5.537,0]],[35,"bg",false,33554432,4,[[2,-354,[0,"fb11gYl5VN3YH1TJadaRoW"],[5,749.9999999999999,160]],[45,1,0,-355,[0,"4132XAxK5OQ7WTD5EfIgaY"],[4,2147483648],65],[63,40,750,-356,[0,"a1yziTw9BOYI9Qi0MBE9Kk"]]],[1,"9dssVz6oFIfp4Lw4IEuCGl",null,null,null,1,0]],[3,"Label",33554432,12,[[21,-357,[0,"c1OTqnfZlKuayZqp+FTs2G"],[5,50,40],[0,0,0.5]],[76,"100",30,30,1,false,1,-358,[0,"29OD9fItlIRLUIqKGNV1MQ"],[4,2147483648]],[7,"*.selectAmount",-359,[0,"3dPdjXG3FG9rgH1G7dEucq"]]],[1,"57pisk24dCf4/gDnrydKTq",null,null,null,1,0],[1,-11.125,-1.003,0]],[35,"Label",false,33554432,15,[[21,-360,[0,"0feFvTvG9Ft6WAhUnHwlfr"],[5,70,40],[0,0,0.5]],[47,"战绩",0,20,20,1,false,1,-361,[0,"cd1uwuRRxOxY4MJ9X7EZWH"],[4,1073741824]],[33,false,-362,[0,"9dSG1dCahOwYGnMxVgPOVP"]]],[1,"7dRMEjullHbbHbfIl2IHVA",null,null,null,1,0]],[35,"Label",false,33554432,16,[[21,-363,[0,"88Xau4eNhN66sEDVfLl9ZG"],[5,70,40],[0,0,0.5]],[47,"排行榜",0,20,20,1,false,1,-364,[0,"dd6Wrd8O5EJqOZglUqiprT"],[4,1073741824]],[33,false,-365,[0,"a4P7QRRCxDnrK/XHOKQxVf"]]],[1,"46voQFJxRKv4t0leFVl31m",null,null,null,1,0]],[51,"Label",49,[[2,-366,[0,"c98bjqKXRIc7up41tvKbLR"],[5,207.4609375,50.4]],[25,"游戏奖池 81212 MATIC",20,20,-367,[0,"45S/nHsYRC8aROxCuRIVAN"],[4,4292670975]],[7,"*.maticTips",-368,[0,"c0TFrrBwpB7I/BIBy+bIOG"]]],[1,"c3/acegmZNsZV56XcTb8TA",null,null,null,1,0]],[9,"MonkeyPoint",33554432,2,[[[10,-369,[0,"aes7tp+qJGh4OngWBMs1s/"]],-370],4,1],[1,"57NlDPY8VBgb1vc+xEH8ez",null,null,null,1,0],[1,-197.763,501.803,0]],[9,"PlayerStart",33554432,2,[[[10,-371,[0,"98gsLEOxVPALk9D9VVL7Pc"]],-372],4,1],[1,"adcuVnS75GEJJWVo/FEsbf",null,null,null,1,0],[1,230.209,536.343,0]],[9,"Point1",33554432,2,[[[10,-373,[0,"07R1ijmapKW7lOkN+WP6mU"]],43],4,1],[1,"d8yvkM50VJGaFsAe7W0efr",null,null,null,1,0],[1,-11.184,486.332,0]],[9,"Point2",33554432,2,[[[10,-374,[0,"01oy4S7RJIVrCJhZ0Qso2N"]],44],4,1],[1,"b2d0JJHBNNV44srWrEunsB",null,null,null,1,0],[1,-8.928,235.037,0]],[9,"Point3",33554432,2,[[[10,-375,[0,"1emb/9ENZP4Ko3heSwOxhE"]],-376],4,1],[1,"c8kiiGZOtKt4F7K+Qz9RgL",null,null,null,1,0],[1,-8.162,-0.286,0]],[18,87,[0,"74cCh+pGFKLp+pfHVaKVdr"]],[9,"Point4",33554432,2,[[[10,-377,[0,"29KctIggVBR5oP1nUqbg9H"]],-378],4,1],[1,"7cwpr2ZLVHIK7ZM7kOGr85",null,null,null,1,0],[1,-13.698,-178.62,0]],[18,89,[0,"82BqQT1KFBkaY4aC4MFHOq"]],[9,"Room1",33554432,2,[[[10,-379,[0,"9cnsB44U5OAIZCU2EuqlYM"]],-380],4,1],[1,"aa8BtRi8FA9Y/0Gckw0fEy",null,null,null,1,0],[1,-188.17,184.495,0]],[18,91,[0,"1f4BBEUJRMe6wA/OvpKfiE"]],[9,"Room2",33554432,2,[[[10,-381,[0,"79vXlwQxNIN4Y0/PNFyJWW"]],-382],4,1],[1,"63pGwkQKtJo5VMDovo/PMM",null,null,null,1,0],[1,159.981,170.372,0]],[18,93,[0,"14uxxlYfBEWIgOLlAQTAem"]],[9,"Room3",33554432,2,[[[10,-383,[0,"dby83h7p9GlZUPjhLav/5W"]],-384],4,1],[1,"52xiAxGQlIXrga91pt4HvT",null,null,null,1,0],[1,-205.191,-214.349,0]],[18,95,[0,"39xNwnTrBBqKUNIwwz/UUD"]],[9,"Room4",33554432,2,[[[10,-385,[0,"32moKvAQRMGKJvdtPcHfXH"]],-386],4,1],[1,"f3VK/T57RFv4WHmI9V90IK",null,null,null,1,0],[1,186.778,-228.706,0]],[18,97,[0,"1b48lfyetC0aZO9WSFyrN0"]],[3,"ui_monkey_button_image_01",33554432,9,[[2,-387,[0,"45MbBng4RCWo00fvOQkRJC"],[5,288.1,67]],[5,1,0,-388,[0,"02m/Lo4TxAhY9k1axcvUoJ"],34]],[1,"938lP1HNpGrLtkOdSOzUbl",null,null,null,1,0],[1,114.859,0,0]],[3,"ui_monkey_icon_0",33554432,9,[[2,-389,[0,"36nQJapqNPOagRIsUlx4bs"],[5,90,87]],[11,-390,[0,"18FSRuOHlBp7InhAU4gEn4"],35]],[1,"9ckdB1E99GgZ62cAYAg/9c",null,null,null,1,0],[1,-8.717,0,0]],[3,"ui_monkey_button_image_01",33554432,10,[[2,-391,[0,"e9oYbyJzRJRqcfNM0C44c1"],[5,288.1,67]],[5,1,0,-392,[0,"a6zC3z2B5B5Kk8rGrwmk1K"],41]],[1,"de/TKglCJK76OjLJ5ph3ti",null,null,null,1,0],[1,114.859,0,0]],[8,"ui_monkey_icon_0",33554432,10,[[2,-393,[0,"a5KhN1uWJMKLyyRsxW7pZ8"],[5,40,40]],[6,0,-394,[0,"763Wqw9kZKiq0eVmIRPMbu"],42]],[1,"909k2+659MEJBkZ2o3Fq4i",null,null,null,1,0]],[36,"ui_killer_attack_02",33554432,3,[[2,-395,[0,"a9iNKy5cJCNq/LlpDQ6urZ"],[5,250,350]],[6,0,-396,[0,"bdpxJm4HFFOY4FgUESqAKi"],48]],[1,"928/PbHXJCqatVOw33o3nY",null,null,null,1,0],[1,-246.165,610.953,0],[1,0.7,0.7,1]],[3,"ui_iceberg_dk_05_1",33554432,47,[[2,-397,[0,"7fsBX/YTRDVaQrisjX3DE8"],[5,123,141]],[11,-398,[0,"a3CyeX3SVNnpaHKrBNkUqG"],66]],[1,"49+lDncIxMIaezvJd1HcrN",null,null,null,1,0],[1,-198.069,7.297,0]],[3,"btnbg",33554432,4,[[2,-399,[0,"83uqFFEYVIr6socje3cLpc"],[5,397,112]],[11,-400,[0,"e4d7S+jTpOGb3bTnmqBFr/"],68]],[1,"96rKZufD5PybIYweIDW6OR",null,null,null,1,0],[1,0,-16.905,0]],[3,"mini_glod",33554432,12,[[2,-401,[0,"00NhOFeI1CDbL1EKr8MI0G"],[5,40,40]],[6,0,-402,[0,"ccZz35PKtK6IkxGoKMlH9b"],69]],[1,"55n9Fypw9GrYADR7vEsZDo",null,null,null,1,0],[1,-35.656,-1.003,0]],[36,"down",33554432,12,[[2,-403,[0,"4citIk4ghKrrTA6Ra3bmpG"],[5,96,49]],[6,0,-404,[0,"c8WVXkhotF0oeSCJ8vDYEQ"],70]],[1,"06MZ04nzRF2ZsZFvThbgFj",null,null,null,1,0],[1,82.3,-1.003,0],[1,0.3,0.3,1]],[3,"mini_glod",33554432,18,[[2,-405,[0,"3dxzt7IItGXYZFK7+4gQJV"],[5,32,32]],[6,0,-406,[0,"7404zHlNxFD7DT4K6AYFHM"],71]],[1,"97atiev7VPz7nonyuR3afc",null,null,null,1,0],[1,-38.527,0,0]],[8,"Label",33554432,18,[[2,-407,[0,"484g7OlEhP5qbjMttxgNxq"],[5,100,40]],[14,"10",20,20,1,false,-408,[0,"cd004gNy1Da6tg//5Vt0Zw"],[4,4278190080]]],[1,"a4CVn+RZBI8JXsMkbWchQ7",null,null,null,1,0]],[3,"mini_glod",33554432,19,[[2,-409,[0,"24LX4vvqtDr5LR7RlB4xpE"],[5,32,32]],[6,0,-410,[0,"d5KevJLItFh6fQBjA9s3tG"],73]],[1,"fdQHrpnhJOgpENBEm96XRx",null,null,null,1,0],[1,-38.527,0,0]],[8,"Label",33554432,19,[[2,-411,[0,"58mRcHdYZJb5sEX1G7TxlH"],[5,100,40]],[14,"50",20,20,1,false,-412,[0,"0fMw1eJbpAfKWLzTCpZ6Us"],[4,4278190080]]],[1,"c6Rbr/UURJV4VBCjwgsYs0",null,null,null,1,0]],[3,"mini_glod",33554432,20,[[2,-413,[0,"9d2oDCyh9ArLQ5F8ujSo9h"],[5,32,32]],[6,0,-414,[0,"f20QqBu5JKbrqhYPGTZl/e"],75]],[1,"b9R8XuafBNDJVfToJfa8gk",null,null,null,1,0],[1,-38.527,0,0]],[8,"Label",33554432,20,[[2,-415,[0,"bfNbFucVBPhZgjqPxBpBK7"],[5,100,40]],[14,"100",20,20,1,false,-416,[0,"d6CeasCVpHRYuKwHRhlaek"],[4,4278190080]]],[1,"56yvdBzc5ADqVhTQ+WP2CJ",null,null,null,1,0]],[3,"record_icon",33554432,15,[[2,-417,[0,"eakzKpN3xFIo2dYoJd6a9h"],[5,69,65]],[11,-418,[0,"40Ri9zId9CV5tq+GrdtmdL"],77]],[1,"dchMQR7FNF+rBWclcyHHE5",null,null,null,1,0],[1,11.976,20.325,0]],[3,"rank_icon",33554432,16,[[2,-419,[0,"7d9YrA7fVMUpz1jKZgW246"],[5,69,65]],[11,-420,[0,"7d5amaA5JIvaDITCqNVRUV"],79]],[1,"0e44ne2dZB1buLgOlePK95",null,null,null,1,0],[1,11.975999999999999,0,0]],[18,83,[0,"9emvPfOa1BIoZ49mbF0aGv"]],[18,84,[0,"cc0G5/qQ9A2qBVFsQTH2fh"]],[83,2,[0,"efDjwUXPxLjrgWo0EJ+KZ6"],116,117,[[84,92,[0,80,100],[43,44,92]],[37,2,94,[0,60,100],[43,44,94]],[37,3,96,[0,60,100],[43,44,88,90,96]],[37,4,98,[0,60,100],[43,44,88,90,98]]]]],0,[0,9,1,0,0,1,0,0,1,0,11,14,0,12,13,0,13,11,0,14,118,0,15,14,0,0,1,0,-1,50,0,-2,21,0,-3,3,0,0,2,0,-2,118,0,-1,83,0,-2,84,0,-3,85,0,-4,86,0,-5,87,0,-6,89,0,-7,91,0,-8,93,0,-9,95,0,-10,97,0,0,3,0,0,3,0,-1,9,0,-2,10,0,-3,103,0,-4,13,0,-5,11,0,-6,45,0,-7,23,0,-8,4,0,-9,49,0,0,4,0,0,4,0,-1,78,0,-2,47,0,-3,105,0,-4,24,0,-5,12,0,-6,14,0,-7,15,0,-8,16,0,0,5,0,0,5,0,2,5,0,0,5,0,-1,51,0,-2,52,0,-3,53,0,-4,26,0,-5,28,0,0,6,0,0,6,0,2,6,0,0,6,0,-1,30,0,-2,57,0,-3,58,0,-4,31,0,-5,33,0,0,7,0,0,7,0,2,7,0,0,7,0,-1,62,0,-2,63,0,-3,64,0,-4,35,0,-5,37,0,0,8,0,0,8,0,2,8,0,0,8,0,-1,68,0,-2,69,0,-3,70,0,-4,39,0,-5,41,0,0,9,0,0,9,0,2,9,0,0,9,0,0,9,0,-1,99,0,-2,100,0,-3,74,0,0,10,0,0,10,0,2,10,0,0,10,0,0,10,0,-1,101,0,-2,102,0,-3,75,0,0,11,0,0,11,0,2,11,0,0,11,0,0,11,0,-1,76,0,-2,77,0,0,12,0,0,12,0,2,12,0,0,12,0,0,12,0,-1,106,0,-2,79,0,-3,107,0,0,13,0,0,13,0,2,13,0,0,13,0,0,13,0,-1,17,0,0,14,0,0,14,0,-1,18,0,-2,19,0,-3,20,0,0,15,0,0,15,0,2,15,0,0,15,0,0,15,0,-1,114,0,-2,80,0,0,16,0,0,16,0,2,16,0,0,16,0,0,16,0,-1,115,0,-2,81,0,0,17,0,0,17,0,0,17,0,0,17,0,0,17,0,0,17,0,0,18,0,0,18,0,2,18,0,0,18,0,-1,108,0,-2,109,0,0,19,0,0,19,0,2,19,0,0,19,0,-1,110,0,-2,111,0,0,20,0,0,20,0,2,20,0,0,20,0,-1,112,0,-2,113,0,0,21,0,0,21,0,0,21,0,-1,22,0,0,22,0,0,23,0,0,23,0,2,23,0,0,23,0,0,23,0,0,24,0,0,24,0,2,24,0,0,24,0,-1,25,0,0,25,0,0,25,0,0,25,0,0,25,0,0,25,0,0,26,0,0,26,0,-1,55,0,-2,27,0,0,27,0,0,27,0,0,27,0,0,27,0,0,28,0,0,28,0,-1,56,0,-2,29,0,0,29,0,0,29,0,0,29,0,0,29,0,0,30,0,0,30,0,0,30,0,0,30,0,0,31,0,0,31,0,-1,60,0,-2,32,0,0,32,0,0,32,0,0,32,0,0,32,0,0,33,0,0,33,0,-1,61,0,-2,34,0,0,34,0,0,34,0,0,34,0,0,34,0,0,35,0,0,35,0,-1,66,0,-2,36,0,0,36,0,0,36,0,0,36,0,0,36,0,0,37,0,0,37,0,-1,67,0,-2,38,0,0,38,0,0,38,0,0,38,0,0,38,0,0,39,0,0,39,0,-1,72,0,-2,40,0,0,40,0,0,40,0,0,40,0,0,40,0,0,41,0,0,41,0,-1,73,0,-2,42,0,0,42,0,0,42,0,0,42,0,0,42,0,0,45,0,0,45,0,0,45,0,-1,46,0,0,46,0,0,46,0,0,46,0,0,46,0,0,47,0,0,47,0,-1,104,0,-2,48,0,0,48,0,0,48,0,0,48,0,0,48,0,0,49,0,0,49,0,0,49,0,-1,82,0,0,50,0,0,50,0,0,50,0,0,51,0,0,51,0,0,51,0,0,52,0,0,52,0,0,52,0,0,53,0,0,53,0,-1,54,0,0,54,0,0,54,0,0,54,0,0,55,0,0,55,0,0,55,0,0,56,0,0,56,0,0,56,0,0,57,0,0,57,0,0,57,0,0,58,0,0,58,0,-1,59,0,0,59,0,0,59,0,0,59,0,0,60,0,0,60,0,0,60,0,0,61,0,0,61,0,0,61,0,0,62,0,0,62,0,0,62,0,0,63,0,0,63,0,0,63,0,0,64,0,0,64,0,-1,65,0,0,65,0,0,65,0,0,65,0,0,66,0,0,66,0,0,66,0,0,67,0,0,67,0,0,67,0,0,68,0,0,68,0,0,68,0,0,69,0,0,69,0,0,69,0,0,70,0,0,70,0,-1,71,0,0,71,0,0,71,0,0,71,0,0,72,0,0,72,0,0,72,0,0,73,0,0,73,0,0,73,0,0,74,0,0,74,0,0,74,0,0,75,0,0,75,0,0,75,0,0,76,0,0,76,0,0,76,0,0,77,0,0,77,0,0,77,0,0,78,0,0,78,0,0,78,0,0,79,0,0,79,0,0,79,0,0,80,0,0,80,0,0,80,0,0,81,0,0,81,0,0,81,0,0,82,0,0,82,0,0,82,0,0,83,0,-2,116,0,0,84,0,-2,117,0,0,85,0,0,86,0,0,87,0,-2,88,0,0,89,0,-2,90,0,0,91,0,-2,92,0,0,93,0,-2,94,0,0,95,0,-2,96,0,0,97,0,-2,98,0,0,99,0,0,99,0,0,100,0,0,100,0,0,101,0,0,101,0,0,102,0,0,102,0,0,103,0,0,103,0,0,104,0,0,104,0,0,105,0,0,105,0,0,106,0,0,106,0,0,107,0,0,107,0,0,108,0,0,108,0,0,109,0,0,109,0,0,110,0,0,110,0,0,111,0,0,111,0,0,112,0,0,112,0,0,113,0,0,113,0,0,114,0,0,114,0,0,115,0,0,115,0,10,1,2,4,21,5,4,22,6,4,22,7,4,22,8,4,22,43,0,85,44,0,86,420],[0,0,0,0,0,0,0,0,0,0,0,0,0,0,0,0,0,0,0,0,0,0,0,0,0,0,0,0,0,0,0,0,0,0,0,0,0,0,0,0,0,0,0,0,0,0,0,0,0,0,0,0,0,0,0,0,0,0,0,0,0,0,0,0,0,0,0,0,0,0,0,0,0,0,0,0,0,0,0,0,0,0,0],[1,1,1,1,1,1,1,1,1,1,1,1,1,1,1,1,1,1,1,1,1,1,1,1,1,1,1,1,1,1,1,1,1,1,1,1,1,5,6,7,8,1,1,1,5,6,7,8,1,1,5,6,7,8,1,5,6,7,8,1,1,5,6,7,8,1,1,1,1,1,1,1,1,1,1,1,1,1,1,1,1,1,16],[20,7,8,2,3,9,4,10,11,7,8,2,3,9,4,10,11,7,8,2,3,9,4,10,11,7,8,2,3,9,4,10,11,21,13,4,1,1,0,5,6,13,3,1,1,0,5,6,22,12,12,0,5,6,12,12,0,5,6,23,0,0,0,5,6,24,25,26,27,1,28,1,2,1,2,1,2,29,0,30,0,31,32]],[[{"name":"ui_iceberg_bg_01","rect":{"x":0,"y":0,"width":750,"height":1667},"offset":{"x":0,"y":0},"originalSize":{"width":750,"height":1667},"rotated":false,"capInsets":[0,0,0,0],"vertices":{"rawPosition":[-375,-833.5,0,375,-833.5,0,-375,833.5,0,375,833.5,0],"indexes":[0,1,2,2,1,3],"uv":[0,1667,750,1667,0,0,750,0],"nuv":[0,0,1,0,0,1,1,1],"minPos":{"x":-375,"y":-833.5,"z":0},"maxPos":{"x":375,"y":833.5,"z":0}},"packable":true,"pixelsToUnit":100,"pivot":{"x":0.5,"y":0.5},"meshType":0}],[0],0,[0],[3],[33]],[[{"name":"ui_battleroyale_room_brand","rect":{"x":0,"y":0,"width":106,"height":40},"offset":{"x":0,"y":0},"originalSize":{"width":106,"height":40},"rotated":false,"capInsets":[8,8,8,8],"vertices":{"rawPosition":[-53,-20,0,53,-20,0,-53,20,0,53,20,0],"indexes":[0,1,2,2,1,3],"uv":[0,40,106,40,0,0,106,0],"nuv":[0,0,1,0,0,1,1,1],"minPos":{"x":-53,"y":-20,"z":0},"maxPos":{"x":53,"y":20,"z":0}},"packable":true,"pixelsToUnit":100,"pivot":{"x":0.5,"y":0.5},"meshType":0}],[0],0,[0],[3],[34]],[[{"name":"ui_monkey_button_image_03","rect":{"x":0,"y":0,"width":24,"height":16},"offset":{"x":0,"y":0},"originalSize":{"width":24,"height":16},"rotated":false,"capInsets":[0,0,0,0],"vertices":{"rawPosition":[-12,-8,0,12,-8,0,-12,8,0,12,8,0],"indexes":[0,1,2,2,1,3],"uv":[0,16,24,16,0,0,24,0],"nuv":[0,0,1,0,0,1,1,1],"minPos":{"x":-12,"y":-8,"z":0},"maxPos":{"x":12,"y":8,"z":0}},"packable":true,"pixelsToUnit":100,"pivot":{"x":0.5,"y":0.5},"meshType":0}],[0],0,[0],[3],[35]],[[{"name":"ui_monkey_icon_0","rect":{"x":0,"y":0,"width":102,"height":91},"offset":{"x":0,"y":0},"originalSize":{"width":102,"height":91},"rotated":false,"capInsets":[0,0,0,0],"vertices":{"rawPosition":[-51,-45.5,0,51,-45.5,0,-51,45.5,0,51,45.5,0],"indexes":[0,1,2,2,1,3],"uv":[0,91,102,91,0,0,102,0],"nuv":[0,0,1,0,0,1,1,1],"minPos":{"x":-51,"y":-45.5,"z":0},"maxPos":{"x":51,"y":45.5,"z":0}},"packable":true,"pixelsToUnit":100,"pivot":{"x":0.5,"y":0.5},"meshType":0}],[0],0,[0],[3],[36]],[[{"name":"putBtn","rect":{"x":0,"y":0,"width":397,"height":112},"offset":{"x":0,"y":0},"originalSize":{"width":397,"height":112},"rotated":false,"capInsets":[0,0,0,0],"vertices":{"rawPosition":[-198.5,-56,0,198.5,-56,0,-198.5,56,0,198.5,56,0],"indexes":[0,1,2,2,1,3],"uv":[0,112,397,112,0,0,397,0],"nuv":[0,0,1,0,0,1,1,1],"minPos":{"x":-198.5,"y":-56,"z":0},"maxPos":{"x":198.5,"y":56,"z":0}},"packable":true,"pixelsToUnit":100,"pivot":{"x":0.5,"y":0.5},"meshType":0}],[0],0,[0],[3],[37]],[[{"name":"ui_monkey_button_02","rect":{"x":0,"y":0,"width":69,"height":65},"offset":{"x":0,"y":0},"originalSize":{"width":69,"height":65},"rotated":false,"capInsets":[0,0,0,0],"vertices":{"rawPosition":[-34.5,-32.5,0,34.5,-32.5,0,-34.5,32.5,0,34.5,32.5,0],"indexes":[0,1,2,2,1,3],"uv":[0,65,69,65,0,0,69,0],"nuv":[0,0,1,0,0,1,1,1],"minPos":{"x":-34.5,"y":-32.5,"z":0},"maxPos":{"x":34.5,"y":32.5,"z":0}},"packable":true,"pixelsToUnit":100,"pivot":{"x":0.5,"y":0.5},"meshType":0}],[0],0,[0],[3],[38]],[[{"name":"ui_monkey_button_image_04","rect":{"x":0,"y":0,"width":283,"height":72},"offset":{"x":0,"y":0},"originalSize":{"width":283,"height":72},"rotated":false,"capInsets":[0,11,22,18],"vertices":{"rawPosition":[-141.5,-36,0,141.5,-36,0,-141.5,36,0,141.5,36,0],"indexes":[0,1,2,2,1,3],"uv":[0,72,283,72,0,0,283,0],"nuv":[0,0,1,0,0,1,1,1],"minPos":{"x":-141.5,"y":-36,"z":0},"maxPos":{"x":141.5,"y":36,"z":0}},"packable":true,"pixelsToUnit":100,"pivot":{"x":0.5,"y":0.5},"meshType":0}],[0],0,[0],[3],[39]],[[{"name":"ui_ranking_dk_01","rect":{"x":0,"y":0,"width":544,"height":34},"offset":{"x":0,"y":0},"originalSize":{"width":544,"height":34},"rotated":false,"capInsets":[0,0,0,0],"vertices":{"rawPosition":[-272,-17,0,272,-17,0,-272,17,0,272,17,0],"indexes":[0,1,2,2,1,3],"uv":[0,34,544,34,0,0,544,0],"nuv":[0,0,1,0,0,1,1,1],"minPos":{"x":-272,"y":-17,"z":0},"maxPos":{"x":272,"y":17,"z":0}},"packable":true,"pixelsToUnit":100,"pivot":{"x":0.5,"y":0.5},"meshType":0}],[0],0,[0],[3],[40]],[[[38,"AmountItem"],[52,"AmountItem",[-6,-7,-8],[[2,-2,[0,"0esDyv73VMHoayCb3QYAsR"],[5,190,60]],[85,-5,[0,"abcELVAnRI7IKK4aV4gRvg"],-4,-3]],[1,"c46/YsCPVOJYA4mWEpNYRx",null,null,null,-1,0]],[54,"button",33554432,1,[[[2,-9,[0,"7ckefH2StO+pVtvNK+msSY"],[5,190,59.333333333333336]],[5,1,0,-10,[0,"a50ir8r6ZB3Jc3o84TQdsf"],0],-11],4,4,1],[1,"b1uxPYiX5JsZPnPOSozm4r",null,null,null,1,0]],[36,"mini_glod",33554432,1,[[2,-12,[0,"a8euc6uRRDH5Fqs5QD5SPv"],[5,102,91]],[6,2,-13,[0,"7aPiRubvdFTqXvBiUdtloK"],1]],[1,"ee/0Zx4qpJzaV2860NUXi9",null,null,null,1,0],[1,-60,0,0],[1,0.3,0.3,1]],[9,"AmountLabel",33554432,1,[[[2,-14,[0,"04HlmiP45Bv6CrKX+NSPpv"],[5,120,40]],-15],4,1],[1,"23AqS6WThP5qOTpiySSsFh",null,null,null,1,0],[1,10,0,0]],[67,false,2,[0,"30fJm8N/FDi70z7RTpHPtF"],[4,4292269782],2],[77,"10",25,25,1,false,true,1,4,[0,"0dmbLIL8xNCa2Mdv9NN/Xo"]]],0,[0,9,1,0,0,1,0,17,6,0,18,5,0,0,1,0,-1,2,0,-2,3,0,-3,4,0,0,2,0,0,2,0,-3,5,0,0,3,0,0,3,0,0,4,0,-2,6,0,10,1,15],[0,0],[1,1],[41,42]],[[{"name":"glod","rect":{"x":0,"y":0,"width":102,"height":91},"offset":{"x":0,"y":0},"originalSize":{"width":102,"height":91},"rotated":false,"capInsets":[0,0,0,0],"vertices":{"rawPosition":[-51,-45.5,0,51,-45.5,0,-51,45.5,0,51,45.5,0],"indexes":[0,1,2,2,1,3],"uv":[0,91,102,91,0,0,102,0],"nuv":[0,0,1,0,0,1,1,1],"minPos":{"x":-51,"y":-45.5,"z":0},"maxPos":{"x":51,"y":45.5,"z":0}},"packable":true,"pixelsToUnit":100,"pivot":{"x":0.5,"y":0.5},"meshType":0}],[0],0,[0],[3],[43]]]]
