[1,["089/s6C/xO25c9jaC9wCu3@6c48a","6bjuJe90xIbLdOcqHKiunz@6c48a"],["_textureSource"],["cc.SpriteFrame"],0,[[[{"name":"ui_killer_walk_01","rect":{"x":46,"y":39,"width":181,"height":199},"offset":{"x":11.5,"y":-13.5},"originalSize":{"width":250,"height":250},"rotated":false,"capInsets":[0,0,0,0],"vertices":{"rawPosition":[-90.5,-99.5,0,90.5,-99.5,0,-90.5,99.5,0,90.5,99.5,0],"indexes":[0,1,2,2,1,3],"uv":[46,211,227,211,46,12,227,12],"nuv":[0.184,0.048,0.908,0.048,0.184,0.844,0.908,0.844],"minPos":{"x":-90.5,"y":-99.5,"z":0},"maxPos":{"x":90.5,"y":99.5,"z":0}},"packable":true,"pixelsToUnit":100,"pivot":{"x":0.5,"y":0.5},"meshType":0}],[0],0,[0],[0],[0]],[[{"name":"ui_killer_walk_02","rect":{"x":50,"y":38,"width":177,"height":200},"offset":{"x":13.5,"y":-13},"originalSize":{"width":250,"height":250},"rotated":false,"capInsets":[0,0,0,0],"vertices":{"rawPosition":[-88.5,-100,0,88.5,-100,0,-88.5,100,0,88.5,100,0],"indexes":[0,1,2,2,1,3],"uv":[50,212,227,212,50,12,227,12],"nuv":[0.2,0.048,0.908,0.048,0.2,0.848,0.908,0.848],"minPos":{"x":-88.5,"y":-100,"z":0},"maxPos":{"x":88.5,"y":100,"z":0}},"packable":true,"pixelsToUnit":100,"pivot":{"x":0.5,"y":0.5},"meshType":0}],[0],0,[0],[0],[1]]]]
