[1,["6e3p45nsVJcq29IMci3sAP","85QYi3EFRHpZG3WS3wfEDT","4c07B61JZJhatyjWEzVdZn","e9hsYNAhtLBYqDGqNex8gX","842XtIB+1FfJDoXgctG1Kh","2deinH55ZO/oL7PsiM1mQU","cbwYLPEzZCR6uSOyMoS/2R","99WaDVyZRHSqYiTdChKqcn@6c48a","fd+3m0sgZIi5C7F9mZ5qoz@e1ba1","fb0Z2P0PdMZbJmTMkS360k@e7b74","fb0Z2P0PdMZbJmTMkS360k@68b00"],["node","_spriteFrame","_defaultClip","_textureSource","root","cageBgSprite","cageBgAnim","cageBgNode","cageSprite","cageAnim","cageNode","bodyAnim","bodyNode","data","runAnimClip","idleAnimClip","actionAnimClip","attackAnimClip","splitAnimClip","downAnimClip","downBgAnimClip"],[["cc.Sprite",["_sizeMode","node","__prefab","_spriteFrame"],2,1,4,6],"cc.SpriteFrame",["cc.Animation",["playOnLoad","node","__prefab","_clips"],2,1,4,3],["cc.AudioClip",["_name","_native","_duration"],0],["cc.Prefab",["_name"],2],["cc.Node",["_name","_layer","_children","_components","_prefab","_lscale"],1,2,9,4,5],["cc.Node",["_name","_layer","_parent","_components","_prefab"],1,1,12,4],["cc.UITransform",["node","__prefab","_contentSize"],3,1,4,5],["cc.CompPrefabInfo",["fileId"],2],["7f8b8AVVrVFopcdL5n8sLZG",["node","__prefab","bodyNode","bodyAnim","cageNode","cageAnim","cageSprite","cageBgNode","cageBgAnim","cageBgSprite","runAnimClip","idleAnimClip","actionAnimClip","attackAnimClip","splitAnimClip","downAnimClip","downBgAnimClip"],3,1,4,1,1,1,1,1,1,1,1,6,6,6,6,6,6,6],["cc.PrefabInfo",["fileId","instance","targetOverrides","nestedPrefabInstanceRoots","root","asset"],-1,1,1],["cc.AudioSource",["node","__prefab"],3,1,4]],[[8,0,2],[7,0,1,2,1],[10,0,1,2,3,4,5,5],[6,0,1,2,3,4,3],[2,1,2,3,1],[3,0,1,2,4],[4,0,2],[5,0,1,2,3,4,5,3],[9,0,1,2,3,4,5,6,7,8,9,10,11,12,13,14,15,16,1],[0,0,1,2,3,2],[0,1,2,1],[0,0,1,2,2],[11,0,1,1],[2,0,1,2,3,2]],[[[[5,"monkey_fight_run",".mp3",0.657417],-1],0,0,[],[],[]],[[[6,"Monkey"],[7,"Monkey",33554432,[-12,-13,-14],[[1,-2,[0,"f2BQxcM9VMw4RhZg1Qgo9l"],[5,250,250]],[8,-11,[0,"bfaf7yRg5CX7wPT7AG2+hJ"],-10,-9,-8,-7,-6,-5,-4,-3,8,9,10,11,12,13,14]],[2,"c46/YsCPVOJYA4mWEpNYRx",null,null,null,-1,0],[1,0.9,0.9,1]],[3,"BodyNode",33554432,1,[[[1,-15,[0,"dapopBmNtH748HBpLprgYv"],[5,250,350]],-16,[9,2,-17,[0,"e7KA6EcsZOy409inUaGI5B"],5],[12,-18,[0,"camOd9OrtBTLke64oJY17o"]]],4,1,4,4],[2,"ae+XYigLZMeo5efbzXcziH",null,null,null,1,0]],[3,"CageNodeBg",33554432,1,[[[1,-19,[0,"b1bEBVeCBDVoeIHI0pfZk2"],[5,250,400]],-20,-21],4,1,1],[2,"7165S3ZJZLKbY8XocJ9nTb",null,null,null,1,0]],[3,"CageNode",33554432,1,[[[1,-22,[0,"d9wnbgxoVM0Z80MulxJBNZ"],[5,250,400]],-23,-24],4,1,1],[2,"26fqffBalDHqGmbOvIKmP1",null,null,null,1,0]],[10,3,[0,"28JMbYg4xHOqTqI69HS86R"]],[4,3,[0,"8f9w0sxXdCqJFakSSN5P6i"],[0]],[13,true,2,[0,"7bszPN7qBE9YvT3S4aAWJc"],[1,2,3,4]],[11,2,4,[0,"48SKisU49Gu7kQe20m2KJH"]],[4,4,[0,"71CGWHTa5K/aEFjydWTdge"],[6,7]]],0,[0,4,1,0,0,1,0,5,5,0,6,6,0,7,3,0,8,8,0,9,9,0,10,4,0,11,7,0,12,2,0,0,1,0,-1,3,0,-2,2,0,-3,4,0,0,2,0,-2,7,0,0,2,0,0,2,0,0,3,0,-2,5,0,-3,6,0,0,4,0,-2,8,0,-3,9,0,13,1,24],[0,0,0,0,0,0,0,0,0,0,0,0,0,0,0,5,6,7,8,9],[-1,-1,-2,-3,-4,1,-1,-2,14,15,16,17,18,19,20,1,2,2,1,2],[0,1,3,4,5,8,2,6,3,1,4,5,2,6,0,9,0,1,10,2]],[[{"name":"ui_orangutan_cage_01","rect":{"x":0,"y":0,"width":250,"height":400},"offset":{"x":0,"y":0},"originalSize":{"width":250,"height":400},"rotated":false,"capInsets":[0,0,0,0],"vertices":{"rawPosition":[],"indexes":[],"uv":[],"nuv":[],"minPos":{"x":0,"y":0,"z":0},"maxPos":{"x":0,"y":0,"z":0}},"packable":true,"pixelsToUnit":100,"pivot":{"x":0.5,"y":0.5},"meshType":0}],[1],0,[0],[3],[7]],[[{"name":"ui_orangutan_cage_02","rect":{"x":250,"y":0,"width":250,"height":400},"offset":{"x":0,"y":0},"originalSize":{"width":250,"height":400},"rotated":false,"capInsets":[0,0,0,0],"vertices":{"rawPosition":[],"indexes":[],"uv":[],"nuv":[],"minPos":{"x":0,"y":0,"z":0},"maxPos":{"x":0,"y":0,"z":0}},"packable":true,"pixelsToUnit":100,"pivot":{"x":0.5,"y":0.5},"meshType":0}],[1],0,[0],[3],[7]]]]
